post_id,user_id,forum_id
11xgh1i,1397,2
11wxabh,1687,1
11wkr5v,3150,2
11w03sy,5401,1
11vq01a,2092,2
11vozd5,5786,1
11vn3fi,4997,3
11vd31k,4799,2
11v6bvv,5205,1
11uzhqa,9181,3
11un32i,4532,1
11uk8ti,175,1
11u3l9h,6373,2
11u1xb7,8048,3
11tyfd5,8310,2
11tmpc5,7781,1
11t3t3v,4626,3
11su1tj,2459,2
11sboh1,2592,1
11sattj,2406,3
11s972a,3478,2
11ry9tj,1099,2
11rvzgg,2958,2
11rtzv6,1889,1
11rizyb,3866,1
11rghqt,8122,2
11rfevl,6329,2
11rc02e,5333,1
11r9wfd,6263,2
11qrs41,1695,3
11qfcwb,3565,1
11qdspx,8999,2
11pzoa2,3166,1
11pjem9,7789,3
11okrni,7624,1
11nwxd6,1003,3
11np42n,2561,2
11mzqxu,1540,1
11muvye,4357,2
11mulri,7742,2
11mlwty,3173,1
11mc7ca,7386,2
11mbnep,4192,2
11m00fv,482,3
11lhlpb,2733,2
11l5mg2,9224,3
11l3muz,5400,2
11l2wny,769,2
11l2ojh,7096,3
11kzkla,5582,1
11kuk4j,799,2
11krgp4,5945,1
11khe4i,9201,2
11k84qx,7063,3
11k2i7u,4060,2
11jzh88,6861,3
11jyrfj,3172,1
11jto30,7697,2
11jgig0,4046,1
11jgfp7,7761,2
11j7kce,1666,3
11izjc1,7432,1
11ijczq,6984,2
11i7eq9,8911,3
11hscl1,3307,1
11h3p2x,407,1
11h1pqh,5774,2
11gh1yv,6920,3
11g5qxm,7375,2
11fi33n,2618,2
11fbccz,4156,1
11f4eyj,9314,2
11eje6h,4672,3
11ehnkc,5862,2
11eegku,6473,2
11e4w40,989,1
11dje8t,7868,2
11dfd3o,9545,2
11ddeft,7336,3
11d4uys,7639,3
11cf8mk,8454,3
11c8pqz,8798,1
11bwn2m,5122,1
11br45w,3196,3
11bnjio,5917,2
11bfhx7,1739,1
11b0i1j,8248,2
11awp4n,7056,1
119xj59,5057,2
119b4yx,9149,2
1194wm0,1854,1
11949lo,3763,3
118fn48,9349,3
118c8pp,4183,1
11892u1,9142,2
117zptg,6934,3
117bptb,666,3
1174kud,420,2
116yrs4,3539,3
116s0sj,7341,2
1169uzy,2408,1
115qa55,2658,2
114hphp,6596,1
114ews9,6926,3
113zwx8,292,3
113vb1u,7677,2
113m3ea,1879,1
113dy5z,3223,3
112okay,1477,2
1126scn,6278,2
111h9pp,8609,3
111dvia,6904,1
1114q7e,4812,3
110s8ui,7870,1
1109hq8,8197,2
10zvb04,8891,3
10zmz2d,1114,1
10zmthl,7770,2
10z22sz,2779,2
10ys3md,546,1
10y2rrx,7924,3
10y1swa,5511,2
10xr5y6,1084,2
10wvu0b,2438,2
10w9tz3,5224,2
10w6g7n,8035,1
10vynlk,8020,3
10vd7m5,2947,2
10v75gc,1737,3
10v018i,663,3
10uuef7,4978,2
10ujsk5,4904,1
10ueevu,7879,3
10u46z1,1411,2
10tovhn,9231,1
10tnpsw,4948,3
10tlrkl,7152,2
10sxasc,8266,2
10st28f,7377,1
10soqdd,1971,3
10slrln,4976,2
10s43in,7484,2
10rx6tv,4938,3
10rqe34,3352,1
10r0zjq,4699,3
10qwqfp,2388,2
10qjb16,822,3
10q9u24,6562,2
10q4e21,6522,2
10pkvru,9273,3
10pb1y3,911,1
10owllx,2556,2
10oaa5a,3731,2
10nyhcl,954,3
10nxqfg,9393,1
10nodn4,6880,1
10nmite,38,3
10nh0v7,6956,2
10nccbg,2449,1
10n2wol,8041,2
10mmwnd,6080,3
10mmm38,4913,3
10mij9g,2604,2
10m6kpq,6224,3
10lxgic,5371,2
10l4uv9,4092,3
10kx251,4055,2
10kqhyh,525,3
10kdeex,3164,1
10k6otr,5593,2
10k528k,1097,3
10jphdp,3599,2
10jigu7,1094,2
10jd28b,4083,3
10ix0l1,2663,1
10ivzyj,1455,3
10irkzg,2412,2
10ikd4i,6813,3
10ib3re,2795,2
10h4zfl,386,3
10gtruu,7175,1
10g2q3u,1462,2
10g0n8a,242,2
10fv6hv,8281,3
10fji8b,3732,2
10f9z7h,9559,2
10eye8i,1382,3
10ed388,8597,1
10e6h07,4720,2
10de0j4,5057,3
10ddg8j,8106,2
10czv03,7672,2
10ch0kw,521,1
10cfef6,6990,2
10bwrko,1450,3
10blgzf,3385,2
10bkjdk,1980,1
10b1h68,6857,2
10azzbz,1613,3
10ac9ii,7189,2
10a7kq4,1822,3
109p8ry,4909,2
1095os9,3646,1
108ssxs,1519,2
10894cf,6562,2
10877uc,8646,2
107dbx1,9104,2
107creq,7466,2
106q6m9,8040,1
106f71q,3664,2
10644hp,3481,2
1062d2k,3279,2
105v7el,5197,1
1054boi,1698,2
104u2di,3304,1
104nxq2,7303,2
1033ecx,8208,2
1032pgs,4977,3
102h06p,4812,3
1027spa,2439,2
101t0vt,1970,3
101fixa,3491,3
1008i6v,9318,2
zzn4xs,1359,2
zys7g5,2186,3
zycjcl,7823,2
zy8c99,880,1
zy3xbl,5365,2
zxab4m,3220,1
zwppsu,8278,3
zw9mtn,632,3
zvkn0q,5452,2
zvhy5w,9510,2
zvdpia,9456,2
zvbjot,8564,1
zuysnq,5237,3
zubg2u,1506,1
zu0m74,7256,2
ztwkky,690,3
ztbsf5,5993,1
zstequ,7003,1
zrtzf4,6379,3
zr3xli,7148,3
zr08re,9126,2
zqsseu,8643,3
zq30tn,6715,3
zpraee,965,3
zowhlo,3348,1
zocekb,7913,2
zo5bwf,4421,3
zo2nl1,350,1
znz8rq,1255,2
zngycf,3767,2
zm3gac,3405,3
zlobg8,1769,3
zlkck5,7598,2
zld04m,2298,2
zkj8kn,4472,3
zk8imh,8360,2
zk71yp,7457,2
zk6h8q,2569,1
ziaddd,1142,3
zht9og,4777,1
zhrgln,3766,1
zgrkkr,3233,3
zgoxwa,2349,3
zglp4k,6675,3
zgc2l0,2478,2
zfxbb3,9183,2
zfrynz,4351,3
zfnnku,5366,2
zfeh67,3829,1
zev449,7216,3
zetvmd,8023,1
zejzzs,1500,3
zefkmy,2223,2
ze27hx,2950,2
zd2i5z,5279,2
zcizwb,1351,3
zcgabn,4693,2
zc2r6m,2039,2
zby4e4,7462,3
zbb9l9,7738,1
zb1q05,5302,2
zaqml0,3636,3
zaqbwr,8761,1
zalhw2,2632,2
z9wkix,6576,2
z8r20d,7910,2
z8i3yy,7230,2
z82bry,91,3
z7c4tk,5078,3
z6mot6,1097,3
z60wuh,9071,1
z5czw3,8123,2
z57td9,7896,2
z52bsl,7030,1
z36n5j,7015,1
z2hdko,4236,2
z1yt45,336,1
z1pk16,9249,3
z1o5kr,6110,2
z0pw8d,9249,1
z0kx6c,8803,1
yzw889,7075,1
yzayzm,7633,2
yzap5b,8898,1
yyveqh,7409,2
yy11d8,8152,2
yxzaz3,8213,1
ywnma8,5049,2
ywn26i,2898,2
ywg9ur,4481,3
yw6s1i,1835,1
yvfckv,970,3
yurlp6,6133,2
yu5ch3,5222,1
yt4380,3231,3
ysb12p,8083,3
yrn76f,851,2
yr5wm1,5428,3
yr07i7,3477,2
yqo47z,978,3
ypr93q,7475,3
ypfbwc,2342,2
yp39gt,6711,2
yp082p,598,3
ynz4m1,8116,1
ynx8o8,8138,3
ynwpg0,2047,3
yn9zui,4186,3
yn1n7c,3709,1
ymo07f,6232,1
ymjdxi,3576,2
ylz2wh,4972,1
ylppix,5083,2
yli0r7,159,1
ylfpqx,7,3
ykyte6,2384,3
ykxr4v,5522,1
yk6433,9497,2
yjbrdy,1432,2
yik5ze,5753,3
yik3k5,1211,3
yhx3g3,1339,1
yhrlpj,1321,3
yhe96t,8927,1
yh3gmq,2250,1
yguaz0,1734,2
ygj11f,2097,1
yfnbab,1922,3
yf8k8s,271,2
yex3pq,6510,3
yem4k4,3987,2
ye8626,8987,3
ydqmjp,8977,1
ycgmbu,1039,3
ybomx8,2672,3
ybnnra,3339,1
yav5gl,734,3
yaqlvi,1966,1
ya5vrd,2767,2
ya09sq,1636,3
y9ddez,8425,3
y99ldn,1651,2
y89xqw,176,1
y822jc,1349,2
y7ycxz,8682,3
y7708w,369,1
y6w5ab,6036,3
y6psew,3600,2
y5h8i4,7716,1
y4eehd,8764,1
y3zv1u,3667,3
y388m8,3388,3
y2f682,8816,3
y24yan,6643,2
y1d8jh,8600,2
y0iu5w,8324,1
xyxe8w,4392,1
xyt8bm,8982,2
xyq1ba,1638,1
xypfy4,6888,3
xy7gqg,5166,2
xy6x8p,3100,3
xxmctx,7072,3
xwztb9,7684,2
xwv9m3,2749,3
xwfvlw,3430,1
xw6r5k,5405,3
xvxcbu,56,2
xvje2n,6550,1
xvhiml,1104,3
xupiia,9129,1
xufiqx,8342,2
xtxe6f,8794,1
xtd8kc,1880,1
xslpwt,6648,1
xrm9q2,3091,3
xrj19a,630,2
xqmj9q,4628,3
xqhho8,1196,1
xpe6bi,3072,3
xoqe06,9339,2
xogglw,5993,1
xnpe0j,323,2
xnjj69,185,3
xnbv8e,9301,1
xn3tgg,4491,2
xmpv89,8749,1
xm8osk,2969,3
xm51s9,8119,2
xlvr0l,810,3
xl9zc1,6022,3
xk31n8,3589,1
xjl1f6,4666,3
xj97wy,7015,2
xix8ef,9258,1
xit874,7606,3
xiaq7b,8962,2
xhzse8,3223,3
xhtcp7,4344,2
xho5cw,8147,3
xhahv5,7450,1
xh6voz,7025,1
xgu9wg,5967,3
xgnt6k,6122,1
xgijzo,5991,1
xgigfk,8924,3
xgifl0,603,2
xfnjqa,5252,3
xf6ifb,1402,3
xev59b,3611,2
xerez9,8982,2
xdvnsx,6415,2
xdv6nz,4829,3
xd9ewk,3887,3
xci5e7,264,3
xch8m7,1809,3
xch39o,477,1
xcdnd8,7590,3
xbwxot,7106,2
xbl58o,7617,3
xbj6cn,5190,1
xat19z,5929,1
xagho6,426,3
x99d04,3291,2
x8z4wt,7757,2
x8gwhv,4189,2
x89x48,8757,3
x7hh75,60,3
x6ji1j,2264,3
x5mj1p,3835,2
x5kt1h,6412,3
x5dwm5,4660,1
x5bfbt,9035,3
x4xyas,7587,2
x4204j,5793,3
x3lahr,5460,1
x334d8,147,3
x2ro5v,9018,1
x2lsij,8098,3
x1zh3d,9006,3
x1sz5d,136,2
x0o1nt,9566,3
x091cq,2064,2
wzmokl,1357,1
wz7pfk,5750,3
wz68mz,2592,1
wxqz7p,3195,2
wxoxxe,6153,3
wwfjxf,8695,1
wvuw9b,4610,2
wvsu4r,3832,3
wv8coc,7014,2
wv50uh,1460,1
wub9a9,622,2
wtvjc0,2802,3
wtbt9d,1923,1
wt6ztg,4519,1
wt4hcs,8274,3
wszhky,8721,2
wsk2lg,5660,3
wrxoua,2655,2
wrvgnw,361,2
wrqd26,4733,3
wqrw8x,1501,1
wpw6nt,9490,2
wp96s5,1553,3
wp934b,7772,2
wp2vqk,2888,3
wovvxr,8308,2
wo7dov,2875,2
wo2mgw,2082,3
wnmh19,8438,2
wnhfhc,4839,3
wn61bp,4629,1
wmypmh,5033,1
wlsegx,6972,2
wla15x,5776,3
wksfl9,4258,2
wk51bf,6165,2
wjycg3,621,3
wj7z1w,7777,2
wj7cp9,4375,3
wiqjxv,3580,1
wicd9g,3780,2
wi2gil,6046,3
wi24gx,3083,2
wi05tg,5886,1
whg1zi,807,2
wh37ca,9593,2
wgvacf,7312,1
wglzl5,9217,3
wgbyv7,6818,2
wfzrdk,1496,3
wfkz9p,1184,3
wfh1zy,1095,1
wec5hs,246,3
we8ou1,4286,2
wd3t8p,6440,2
wcz0yq,1353,2
wcug1f,3474,1
wcalkv,1100,1
wbwkwb,3359,1
wbh0rm,6028,2
wazthj,134,2
wawec9,4981,3
wamht5,4844,3
wajjgn,3201,3
wai4es,2722,2
wa96rw,7703,3
w9jl5m,3722,3
w8hgw4,3838,2
w76j5j,6084,2
w759hp,515,1
w6kj9y,6330,1
w5wvo8,5164,2
w5w0jq,3599,1
w4k8w8,9177,3
w4jg7q,869,1
w4dg8w,9467,2
w44lkv,4089,3
w2via6,3325,3
w2p9y7,2471,2
w2dab2,7582,3
w2282t,981,3
w1ybgk,2178,1
w18exh,3489,1
w0taur,5926,2
w0pxwh,9301,1
vzu7q1,5103,2
vzmcc2,1482,3
vz35dq,8735,3
vyzqvr,5563,2
vyv3rk,4703,3
vye69k,1104,1
vxuxhv,5089,3
vxa4te,3258,2
vx7mx0,3463,3
vx6kcx,3898,3
vwvg8j,5859,3
vwlmoo,8205,3
vwfj9t,4847,2
vwf3sz,8065,3
vwcp5o,6853,3
vvqcjy,8842,1
vvouan,2124,2
vuw77a,9036,1
vtzw0b,2016,3
vtd6ln,2091,3
vtcrej,1502,1
vsuxyx,7268,3
vstdvk,779,2
vs2mlc,4885,3
vq2jgy,4370,1
vq24py,7578,3
vpwqn0,9107,1
vptwk8,7078,2
vphqto,4689,3
vpa0fp,7912,2
vom7pk,8315,2
vo6zrh,6184,2
vmx1k2,7385,3
vmi13r,9469,1
vmg0j7,1901,2
vm9xjz,968,3
vlpi4u,6065,3
vljjur,7000,2
vl7qjf,6853,3
vl7iut,5267,1
vl4knh,8360,2
vkxsf2,6715,1
vkemv9,7344,2
vjy4g2,9461,3
vjur74,1552,3
vjpew4,4148,3
vjkssf,3331,1
vixbr1,3905,3
vi5cvr,8053,3
vgmv86,2805,3
vglzjw,2481,3
vgetxm,2232,2
vgccpb,9177,3
vfl57t,1282,1
vfkr6f,6096,3
ve6xpl,377,2
ve0a8c,1122,3
vdjmhd,9512,2
vd4p49,5382,2
vctash,3688,2
vceaxx,9269,3
vc9l3r,9639,2
vbh2vx,8247,1
vbcfpg,827,3
vb1oj4,283,1
vb160f,879,2
vazit6,3160,3
vavo9a,8007,2
vapbkh,4415,1
va8zw6,9167,2
va0p9u,1627,1
v9xme1,7554,3
v9of4r,4297,3
v8qv68,4810,3
v85f6s,8049,2
v7ti75,9221,3
v6sv06,2685,3
v691l7,3318,2
v5f8et,8170,1
v4u6e4,6377,3
v48cbe,1117,2
v4529a,7,3
v42pej,4872,1
v3jucz,7278,3
v3iuv8,8235,2
v2t07b,6019,2
v1u7ci,7808,3
v1p2s9,6697,2
v183x2,682,3
v0wjy2,1501,3
v0cuhq,6747,2
uzt23p,1946,1
uz12cu,2964,3
uyratt,8774,1
uyd7c0,3340,3
uwyfir,7724,3
uw7119,7213,2
uw2a27,219,3
us2a9j,7342,1
uryrot,1596,3
urilom,6974,3
uravdn,7360,2
ur5521,6499,3
uqzrul,7020,3
uqo085,1143,2
uqk878,7138,1
uq6n21,5137,2
uq31ke,8863,1
upl33c,8211,1
upfigh,1964,3
uoummw,2198,2
uosqgm,5967,1
uorog9,246,3
uo8fdh,3921,3
uo589a,238,3
un54yc,6630,2
umse6v,8983,3
umq908,5732,1
umhmcc,9588,2
umeoyy,6055,2
ulvdgm,2153,1
uls349,4571,3
ul49ej,5992,1
ul473b,1283,3
ukyp2a,4162,2
uks8zr,4248,1
uk62j3,2633,1
ujurw5,2177,3
ujmhtt,5914,3
uiuqwp,6169,3
uijkjy,140,3
uia6tv,6877,2
uhirub,7724,3
uh5e2f,1445,1
uh548a,7615,2
ugkpm0,9369,2
ugg2bz,2411,1
ufvlfm,82,3
ufo2an,6957,3
uf552a,5297,1
ue5e5b,5431,2
udruxf,8240,3
udrckh,2128,2
ud6ujh,2422,3
ud513g,1088,3
ucpg0u,3538,1
uc2lqr,4303,3
ubxk4q,2333,2
ubl1sj,6273,3
ub045v,8659,3
uakf25,3268,3
ua867s,7628,2
u9xbaa,6634,1
u9tidn,6830,3
u8to9z,8351,3
u8ou8m,4221,2
u8osxe,7152,1
u7vj4l,677,2
u6dlyr,4252,3
u6cbz8,3605,2
u5rnss,8792,1
u5ihzv,8581,2
u5ebtl,3521,3
u59qv5,5049,1
u48bhx,2170,3
u3tipn,6877,3
u3pgon,2085,3
u3jk05,8006,3
u3eb72,4226,2
u2o9jd,9297,2
u2lmit,5641,3
u24lh7,1391,3
u1ivbw,4696,3
u1hmjr,2863,2
u17ot0,7978,3
u0o0yy,8020,1
tzowos,3488,1
tz5xqi,1581,2
tyuoh8,6071,3
txqkin,3711,1
tx132u,6936,3
tw7kc0,4293,3
tvp0nd,4976,3
tvekdw,8565,3
tuf0vv,8193,1
ttfo0c,7202,3
tt3in6,4369,3
tsv417,1646,2
tqe3y6,4898,3
tqbez2,3925,3
tq93vt,8875,3
tq5i58,2328,3
tpz3wg,7881,2
tpoc3c,8266,2
tpo3cw,694,3
tonfky,4499,3
tnwb4q,3266,2
tn3xh2,160,3
tjfxtx,4986,3
tj3kek,3079,3
tivnnb,1718,1
titghx,7943,3
thsx8t,2977,1
thmhtf,1845,2
thktpz,5641,3
th4drh,2139,3
tgd8ce,5818,3
tflvuy,8684,1
tfee1l,4759,3
te5y4m,4116,2
te4ght,1690,3
te1lyi,4184,1
tdd889,2678,1
td6j8r,9046,3
tc8p70,6490,1
tbve7a,229,3
tb2gi0,8118,3
tb0jm6,7603,1
tag8l5,6871,3
tac4q6,1106,2
t92gwc,4899,2
t8s2aj,8657,3
t8lqi1,3256,2
t88gqh,3550,3
t7uu0k,5682,3
t7te98,7020,2
t7shgc,5343,3
t7qe6b,5648,1
t78zoq,4115,1
t74kwz,8088,3
t6lcyz,9594,1
t4ye1o,5408,3
t45n67,8775,1
t42nl0,9079,3
t3kc6i,2098,3
t3g209,6778,1
t37al0,7554,1
t2m8mc,6622,3
t1cn0l,2717,3
t14ju7,5921,1
t0n3iz,3206,3
t04ekm,6016,1
szqhbi,2231,2
szluwh,3592,3
syt2kd,9032,3
syjt0c,4923,3
sy51l3,821,2
sxtppd,688,3
sxaiq8,506,1
sxaeoo,2013,2
sx9o1g,2926,3
sx3z67,3947,3
sx0e0w,1576,1
swieeb,608,2
swh10r,4727,3
sw49j7,5890,2
sviwma,6458,3
sup40t,4702,3
suj00s,3531,3
su5jia,2142,1
stikil,6417,1
stfgds,4778,3
ssqt3h,157,3
ssp8rr,860,2
ssfijc,5840,1
ss0vh9,8469,3
sroth8,4441,1
srjbo1,8001,2
srbvnc,3777,1
squ4oq,7897,3
sqra1n,2649,1
spncfr,3053,3
sonjst,8505,1
snmtzn,3828,1
sngm5j,3209,2
sn4sdd,3601,2
smeqbr,747,1
smbj1o,565,1
sm96f5,9534,3
slx33m,2486,2
skjjvm,8788,1
skc72q,6025,3
sjn4fl,7033,3
sivgoj,9105,1
sisryf,3777,2
siruz8,4277,3
sijitx,9617,2
shtsnt,8365,3
sh4otq,5494,3
sfgdvs,1805,3
sfbtds,1098,1
seufwd,3881,3
sdzkex,458,3
sbnq4f,7808,3
sax1nf,5896,1
sab6tk,3762,1
s9zcyq,4600,3
s8tn1a,7647,2
s8qjvv,76,3
s6spou,7233,1
s5izvz,9488,2
s5grvj,9163,1
s548as,8582,3
s4ukul,4305,2
s4tu5x,4435,1
s4c6ob,8771,1
s46geh,5910,3
s3mjqf,3421,1
s36btr,1951,3
s30tgz,6801,2
s2cyt2,2328,3
s1u92t,4452,3
s0uhca,482,3
s0kndc,6773,3
s0dn5b,1345,3
s01us1,4478,1
rztoqy,3963,3
rzj24r,1295,2
ryzzbr,3977,3
ryw53x,8505,1
rxm4ej,8407,3
rwwjal,2959,1
rwu29s,498,3
rvya1w,8812,3
rvwehk,8008,1
rvn3dh,6306,1
rvn18c,7541,2
rvj7qq,3210,3
rv2j9k,5395,1
rv1tpg,3082,3
rtsmm7,2673,1
rsfdlx,6095,3
rs0yuj,654,2
rr7cn2,4320,3
rqdlmi,1953,3
rp9k4v,3202,1
rozxuk,5529,3
royvdx,108,2
rovtz1,7822,1
roufb5,8383,3
ro2567,8128,1
rnpwik,6820,3
rmue6j,6237,1
rmcgwt,8364,3
rm6f7i,3593,3
rklxmb,6425,3
rklgwj,5643,2
rjzooe,7320,3
rjg6ng,3260,3
rjat6u,738,3
riup34,5762,3
ri6sa6,2392,3
rh22z9,3277,3
rgyy8m,85,3
rgykys,1708,1
rgge4g,4310,2
rgb80b,7496,3
rga91a,543,1
rf2tr2,5853,2
reuy79,458,2
reh9cv,4090,1
refiro,6520,3
re46xx,681,3
rdsepx,2428,1
rdmmcd,2966,3
rdei6k,8175,2
rd3oby,7532,1
rczr64,9057,2
rck4mf,1581,3
rci027,9303,2
rbue4h,1934,1
razsj2,5600,1
ra6teb,4326,3
ra335f,5191,3
r9hb9q,3314,3
r8z00s,8062,2
r8tsv6,5178,1
r79r9y,3165,3
r76igz,7133,1
r6tfsb,2908,3
r5thf9,8061,3
r540ko,989,3
r3ytrz,7926,2
r3iad6,8523,2
r3c970,4361,1
r2m8j9,6490,3
r1wcjt,1451,2
r0pih6,7457,3
qzluvi,6672,3
qzd8lf,3489,2
qypj5f,9298,3
qymvys,4941,1
qxzwse,5619,1
qxugtt,2290,3
qwr4od,909,2
qwqbxn,9520,3
qvkuc4,7672,3
qto1kr,5691,3
qt2tws,5510,1
qt2cwm,8138,3
qt10az,2670,1
qsw47b,4757,1
qrjmge,384,3
qrbkc7,67,1
qqynka,1279,3
qqxzvp,6480,2
qqs6w1,2750,3
qq31sk,9573,2
qq21s6,2820,1
qph4tx,3186,3
qore0i,8450,3
qo4kp8,3913,1
qo4cni,1183,3
qo1l35,7158,1
qnie0r,2318,3
qmtcm1,4812,2
qmpown,1959,3
qlilnf,5875,1
ql4e39,2987,3
qkj2yo,6147,2
qkf80v,2447,3
qkarfp,3106,2
qjpcut,3590,1
qjn0vg,1519,1
qj3uhj,9285,1
qiyr1j,8453,2
qissb8,8033,2
qikz6c,1137,2
qhu09k,6349,3
qhoxz3,3150,2
qgz39z,7102,2
qgx1vm,8585,3
qgamnj,889,3
qg3w7q,872,2
qg06gb,528,3
qfi5r4,7957,2
qf71zf,6101,3
qeo7fx,6137,1
qeihw2,8140,1
qdai89,5844,3
qd990q,8670,1
qd2ggz,7116,2
qc6nok,6389,3
qbnf3s,2749,3
qb8q56,3566,1
qb40kp,81,2
qay8qu,6934,3
qaouds,919,1
q9phnq,6943,1
q9hhqt,3318,1
q97fpv,4127,1
q8phlx,1455,3
q8k99c,3707,2
q75ce8,511,3
q6lpsy,7420,3
q5yikm,5255,2
q5wwd2,2805,2
q4stma,7777,3
q4p3lf,3735,1
q2wb8u,8109,3
q2js30,7840,2
q0n0u7,7608,3
q04ys6,7528,2
pzo9e1,7997,1
pz6e7f,5658,3
pymzvn,2486,3
pyhxk7,5050,2
pyfjz7,2670,1
pxvrqp,1894,2
pxgvyj,2561,2
pvyvet,4540,1
pvgpfl,8668,1
puz9kw,631,1
puicgj,4664,2
puh45x,8696,3
pu1y72,4222,3
ptlrx4,3185,3
ptf88t,8177,2
ps1ysk,2379,3
pqyvci,7533,2
pqstl0,4754,3
pqpl7m,700,1
pq64fk,5164,1
ppy7k4,6494,1
poqplr,5959,2
po9qpo,1539,3
pmqtj9,7481,1
pmo1k7,2166,2
plrrss,2641,2
plgcpb,8816,2
pkwbkq,4075,2
pkvt4n,8631,1
pkdsqr,9417,2
pk613b,2841,3
pjmox8,6262,2
pjk15p,638,3
pizllt,4804,1
pimnaj,3331,2
pigtg9,5059,1
phvgzb,3515,1
phjecd,4008,1
phfyc5,8371,2
phcr7i,3787,2
pgr7e4,8345,2
pgitms,6252,1
pffoo8,4028,1
pf9j9s,3449,3
peremu,3615,3
pep4bx,6294,3
pe9a2j,6359,1
pe2bz9,6900,3
pdwxxz,2732,1
pdbpmg,526,1
pd4jle,788,1
pc2g4c,2043,3
pbxt93,1178,2
pb5129,2729,2
pa5oq8,3760,3
p9aisc,6797,1
p9a67f,349,1
p8rcm3,5545,1
p7xy09,2593,1
p7hpd9,4696,3
p75tkk,7935,2
p6lpws,8850,3
p6hsoh,8842,1
p68a2t,6969,3
p5mzc3,7301,3
p5l2eb,9426,2
p59pzp,1370,1
p59a8u,6396,3
p41hko,7259,1
p2xm8t,3687,2
p2wfp2,7735,3
p2kala,6149,2
p29bae,6561,3
p1v1ci,6435,2
p19yur,3795,3
p0moqj,7049,3
p0ec0u,9021,1
p0e2zb,5120,3
ozuphh,1842,1
oz7xab,6269,3
oz4zew,7942,2
oyjemy,1542,2
oyi7a1,4732,3
oyhnzj,987,1
oy2vfu,1219,3
oxsz2b,3325,2
owyw1i,2783,3
ow32o3,2378,2
ov3itd,6027,1
ourf92,4075,3
oty27o,1777,2
oty0jb,7926,3
otbote,2124,3
oss2e3,678,1
osapch,805,3
orybjg,603,3
oqtknd,9609,3
oqi23r,6951,1
oq33wd,3809,1
opnzmc,3590,3
opj8g0,9506,1
oopy0s,3934,3
oo3yfv,5009,2
ons0gh,5512,3
onr19o,7333,2
on0k0c,7796,3
oms9q5,8986,2
om7kq3,2928,1
om3ft2,2239,3
olvsxk,9045,2
old4p4,5027,2
okz1j5,3194,1
okscnp,8980,3
ok5xpq,9245,3
ojobxx,4336,3
ojlfc4,3597,2
oisl3e,2250,3
oikye2,7542,3
oi10tx,2595,2
ohxnts,871,1
ohsz93,5050,3
ohk6b7,8214,1
ohche1,1154,3
og8pmh,9541,3
og7ua8,2038,2
og48q2,989,1
of4eeu,778,3
oes7z7,6032,2
oek26v,8722,3
oeg6nl,3316,3
odlf3k,2109,3
odkdsv,6228,1
od2csk,3083,1
oc5esf,6392,2
obwojn,5213,3
obw2xc,5576,1
obbwol,365,3
ob512z,379,2
oaambv,3434,1
o9j73e,3379,3
o8x5uo,5063,1
o8ajso,6941,3
o843t5,5334,1
o7twn2,187,3
o7n46m,5891,2
o7c0z7,3277,3
o71l8m,4219,3
o6wggh,6194,1
o6hkt8,3980,1
o6ce13,2560,1
o5sits,6713,2
o5rrl7,2788,3
o4e2u0,3574,2
o468ms,8827,3
o3z63e,3469,1
o3l9o0,4750,3
o3804y,5905,1
o34epe,6635,2
o2emfe,5796,2
o2cr6e,2252,3
o1mxqp,6805,2
o0neg0,5456,3
o0fdxq,2580,2
o04ort,2551,1
nzlhdg,5306,1
nzhzxq,2868,3
ny86g7,8414,1
ny0g2m,3499,2
nxyr25,4444,1
nxi5db,3883,3
nwww2s,7522,3
nwqc8o,3900,1
nw9zkt,9522,3
nvb9mf,7816,2
nue01q,4866,3
ntn1eg,680,1
ntiv0z,823,1
nsf633,2147,3
ns5lwu,7217,3
nrg162,3505,2
nr9b9x,8042,3
nqnrs6,4555,3
npzqks,3580,1
npurud,9224,3
nooiha,2825,1
nobqjn,5750,3
nnqv1w,1638,2
nnqjjc,9245,1
nmyg3i,2244,3
nmo9u4,2678,2
nmb3ff,2407,3
nmaguz,5794,3
nlmlbg,2587,1
nl58at,7872,1
nkz602,5788,3
nkbqx6,8526,3
nj9s57,6305,3
nj9rgq,4495,1
nino7x,70,3
nig3h7,8667,1
ni0b8j,3714,3
ngvgxi,1399,2
nguua9,6231,3
ngn6at,7524,1
ngls7t,1583,3
ng2ofr,4466,2
nf94ik,2753,2
neylas,7286,3
nekuuc,9260,1
nedlh4,725,2
nd0cy2,4367,2
ncipet,26,2
ncdy6m,7598,1
nax6zl,51,2
nauc4w,3501,3
najnjg,5983,1
na5kg7,1791,3
na14rx,7609,2
n9fti7,3827,1
n9aj13,4362,3
n959rr,3134,3
n8qzdl,6071,2
n8ezvx,308,3
n7wslu,5115,2
n7vzf6,5613,3
n6gx8a,787,2
n6fgjw,1238,3
n62qhn,4534,1
n5kuyz,2745,3
n5jyet,150,2
n4q4bp,2849,1
n4ow09,2676,2
n3v93k,676,3
n3b1m6,5695,1
n2f0ld,9014,1
n1yi7b,4881,2
n1wnp6,4687,3
n10o03,7464,3
n0zxey,73,1
n04ga6,467,3
mzpp3i,8177,2
mzor46,2666,1
myurtx,7585,3
myiw7e,2827,1
mybsz6,3882,2
mxxnki,5981,1
mxh93y,3706,2
mxg7pv,8951,1
mwwftu,1599,1
mwur7p,1344,3
mv6w9y,1617,2
muqo6t,6525,3
muqgny,6552,2
mu9sfn,1697,1
mtev6w,8581,1
mspnso,5140,3
msc85z,1340,3
ms3si1,2946,2
mrwzkq,1745,3
mribp0,9080,2
mqqnxj,6868,1
mqkrgo,6642,2
mqhujp,9451,3
mq12kk,4888,3
mpx8pl,5880,2
mpgdri,644,2
mpe7le,9283,1
mp6ink,8363,3
mouyp0,5760,1
mocpgj,2163,1
moaujx,8204,3
mo9pm9,8438,2
mnsqrl,1975,3
mn8r7f,7899,1
mmzbgq,1355,3
mmuyph,4072,1
mmfwra,5930,1
mm7w8r,7114,3
mloj16,2378,1
mlfy02,908,3
mle2rm,250,2
mku08q,7610,3
mjkv5y,2387,3
mj6i1c,2140,1
minkzs,6869,2
mimpre,9504,3
migacs,2149,2
mi0wst,8187,1
mhvr1h,7563,3
mhrpbm,2442,1
mhh5zu,6518,3
mgzvt2,6452,1
mgw8hl,8871,2
mgf9tf,2794,1
mgczg1,2532,3
mf2j49,122,2
mf1xsu,357,1
mdlnvy,6313,3
mdldtt,4716,1
md1h0x,2972,2
md1f06,5611,2
mcy1zw,6076,3
mc77r3,4895,3
mbhewa,1743,1
mazvd0,571,3
ma8xbq,9116,1
ma18lb,5667,1
m9w70f,4375,3
m92kyo,8461,1
m8ewph,5437,1
m86joz,3890,3
m7tfva,7186,1
m7n4ur,2008,3
m7n3zz,4072,2
m7cpyn,567,2
m73sy7,9139,1
m71ijk,459,3
m6jtrt,2840,2
m6etro,1967,1
m6eoru,5536,1
m5mub0,3820,3
m5miai,4809,1
m554cq,4580,1
m4you5,4425,3
m4fhfg,227,3
m47an8,3961,1
m435fz,1009,2
m3in2j,6347,3
m3boyo,3333,1
m2if3l,3641,2
m1vvmz,1351,3
m16lqf,397,3
m13oyv,7549,1
m0ew90,4793,1
lzxljm,8832,3
ly6c97,782,1
lxyyan,5064,2
lxh7ds,2182,3
lwysts,3276,1
lwwe9l,8838,3
lvwt3l,7034,1
lvuwf7,253,2
lvk0vb,2138,1
lvfua3,6563,2
luliks,2142,2
lui92h,4264,1
lubvpe,8177,3
lu9gen,2994,1
ltkt9s,303,3
ltjyr5,8674,1
lsouqf,4804,2
lsbb03,2307,1
ls9c1r,2787,3
lrroom,5527,1
lrkob9,8266,3
lrhcex,1276,3
lqrek7,160,1
lqozmp,2212,3
lqlc1t,3916,2
lqh9br,7054,1
lpo2ih,9146,1
lpf8m6,6303,3
lp9icr,4760,2
lozys9,5351,1
lovhs0,1214,3
lof6oa,8151,1
lochew,4497,2
lo3sjz,7969,2
lnmzv2,5163,1
lngmug,2981,3
ln2jnt,8959,3
lmbipq,1624,3
lluq7m,4375,3
lloo0o,721,2
lkn4rl,8818,3
lk8ad0,7983,1
ljkmr7,4681,1
ljio0q,8145,2
ljftgi,9578,3
lj1nt5,8465,2
liyq60,8201,3
liiqxr,8901,1
libpdr,3296,3
li2afr,8832,1
lhol5b,8875,2
lhhe8e,3782,1
lgxtrm,7538,3
lgrnyb,6685,1
lgiug8,1824,3
lg5lca,8995,2
lflos5,1148,3
lfevds,4407,3
leq2kf,6404,1
lej57x,3741,1
leh0ve,206,3
le2co0,8352,1
ldyd95,7115,2
ldvl72,5115,3
ldchgb,9634,3
lcxcwc,9261,2
lcuq4b,8044,1
lch48m,4260,3
lbr6qi,5805,1
lbr2fb,799,3
laawy2,731,2
la7o0q,8123,1
la5jw3,3797,3
l9d0dl,8618,1
l8pg8m,9584,2
l8lqaw,3294,3
l7q12x,265,3
l76fr9,782,3
l6bncg,8426,1
l62xdj,3147,2
l5zkyc,3590,1
l5feqt,1790,1
l4zbd9,8265,3
l4o25i,3584,2
l432gk,5711,1
l417cm,8215,3
l2rxza,5048,2
l21wnp,7432,2
l0r0lb,8896,2
l0l0oc,8585,1
l0kz3n,2771,3
kzxuhs,8582,3
kzr4mg,6722,1
kzj0mp,3266,3
kythnj,9388,1
kyte51,3569,2
kykfh0,5634,1
ky27rn,6583,2
ky034n,4473,3
kxgqbp,3427,3
kxcta6,3175,3
kx6sai,2977,2
kx0ies,691,3
kwy2sc,5701,2
kww5nf,5168,1
kwh5w0,1352,2
kwabdn,9372,2
kw9xk7,1730,1
kvs1ex,3275,1
kvnx5f,7976,2
kv8hpb,2694,3
kukbgk,235,2
kuc6tz,9352,1
ktq8t3,1288,2
ktnwcv,8531,1
ksp9r3,8761,2
ksjfar,8701,3
ks6iwv,1449,2
krkxog,1740,1
kr63ot,5689,1
kr5xsr,2815,2
kqwj06,1566,3
kqm5pn,8736,1
kqazpd,871,1
kq8wgw,1235,2
kps6fl,3708,1
kpg065,4216,3
kpbbgg,884,2
kp5pxi,6253,1
koxnho,2094,3
kowrn2,9504,2
kod9ze,1994,1
koc4zb,3467,2
knt90v,3540,2
knai5q,8413,1
kn1qpe,4098,3
kmkppi,6336,3
km0rcz,1038,1
klvb55,9394,3
klppo6,8176,3
klipsr,1602,2
klgg5a,8833,2
klbvaw,7373,1
kkyghq,2689,2
kkxe2o,7066,3
kkgyag,8209,1
kkbycj,2393,3
kk55ww,5248,3
kjo6qo,5253,3
kj0x2c,7505,2
kisjbm,2429,1
kibblu,549,1
khw36m,2065,2
kht9bd,3925,3
khin4c,9235,1
kgxvsd,3962,2
kgttly,1959,1
kg2g11,1977,1
kfqhuq,5421,2
kfip3w,8299,1
kfaqxq,2532,3
kf86zh,7247,1
kf2j1l,8912,3
kei044,7099,3
kdne06,5818,1
kdcmjw,3379,2
kd7ojr,8131,3
kd23vg,7685,1
kci0uq,2728,2
kcbk5u,6502,3
kbnlte,4813,1
kb3qor,7918,1
kb3bjv,1539,3
kb0jpr,7435,2
kagp2b,5031,3
k9yb7t,634,3
k9otbj,5566,2
k97vvn,4526,3
k978cq,578,1
k8yfc1,5756,1
k8nyf8,5507,3
k8k7u4,4438,2
k7iytr,2139,3
k783a5,4047,2
k77sxz,7135,1
k6yuha,20,2
k6icwu,8160,3
k6467v,3829,1
k5y56t,675,3
k5ryva,4482,1
k59xar,1588,3
k4qf7a,2812,2
k3yp9t,5281,2
k3ygrc,187,1
k3bxd6,3204,2
k35vau,6079,1
k2pd9n,7701,1
k2orib,843,2
k20my1,818,2
k1foz4,6807,2
k0q57m,576,2
k09wu5,7376,3
jzol5g,2662,1
jyvog1,8718,1
jybogw,5642,1
jxz3c3,4567,2
jxsbvp,4244,2
jwyewr,8623,2
jwn2po,5287,1
jvwgq3,6900,3
jvq4jw,3141,1
jvoc3m,6816,3
juv419,6748,1
juogvw,6104,1
ju6uox,6573,3
ju2em0,6114,1
jtkawv,6900,3
jtbr8c,2027,1
jt7po2,3788,2
jssmia,5736,1
jsghi7,6148,3
js2p7s,449,1
jrncg7,5849,2
jrk2ld,4664,3
jr0kwj,547,2
jqni6e,4805,1
jqdvt2,9351,1
jpznqe,8438,1
jpruli,4143,2
jpnpm3,3120,1
jpljoo,6625,3
joxdp4,7896,3
jo50ip,1419,3
jnpvm6,6175,3
jnfduu,1643,1
jnbkx3,7961,3
jmwrcr,7681,3
jm86z9,7895,1
jm0lhu,9242,1
jlhqq4,3257,3
jlef67,7617,1
jl6c8o,6911,2
jkv7lu,7481,1
jkcuti,1843,2
jk9uy4,6216,3
jjbdfm,6437,3
jiich1,9306,1
jig7pv,1377,3
ji7y06,5103,1
ji18at,160,2
jhx3cv,8180,1
jhtf8i,9609,2
jhjvlk,3995,3
jh9wej,4039,1
jh9gws,3226,2
jgwqe8,6393,1
jgknop,2874,3
jgjfei,3976,2
jg475u,9600,1
jg3wac,5963,2
jg3vbh,374,3
je0ojx,231,3
jdeyp9,4041,1
jd3mf4,2214,2
jcuch4,1951,1
jc8q41,4108,2
jc1fp2,3980,1
jboe91,3156,3
jbjfn2,8047,2
jaxr3z,6214,1
jajyxs,646,2
ja54n9,3906,3
j9qaqi,7899,1
j97s27,6638,3
j8i5uv,6117,2
j8gece,5846,1
j8fs4r,3370,3
j7xn30,4563,1
j7u6lk,1400,2
j7cmmo,8644,2
j7aeyf,5940,1
j6wzut,7807,1
j6uqn9,9426,3
j6gbxm,2661,3
j6cdba,3635,2
j6a2f5,6250,1
j63bhb,8990,3
j60512,7393,2
j5himo,7373,3
j5erph,7900,2
j5da98,1679,1
j4xmht,3498,1
j4jrln,8018,1
j4f7bv,8303,2
j4avac,6007,1
j4auif,7126,3
j352wq,8706,2
j2x2wp,6495,3
j2t54i,2007,2
j1xlcm,3788,1
j1q5w2,2796,3
j1a0eb,5279,2
j0oyk6,2016,1
j0m182,3658,2
j0btow,513,1
j05go5,8365,3
j020lw,2427,2
j01y9u,699,1
izh8a7,3347,1
iyxz7o,3825,3
iyxij1,569,1
iyo8ev,5199,2
iym19e,5916,3
iyhhgt,3782,1
iy8njt,959,1
iwo0d4,4496,3
iwl0b9,4859,1
iwg89c,3318,2
iw685b,8164,3
ivla6y,1996,2
iutzzh,2351,2
iuc2yg,5374,1
it44ix,5323,1
isk9zi,9126,2
irauuz,1122,1
iq44st,2872,2
ipstlf,821,3
ip4lfv,1135,1
iorbjg,1964,3
ioq8do,3965,1
ion6go,1081,2
ioa9za,1354,1
imwl0z,7910,1
imge6d,6562,2
imew49,3579,1
im455m,1767,3
ilvkyi,3637,1
iltnqn,2851,2
il4rer,3468,3
ikbbsb,530,3
ik14od,7199,2
ijkkbb,4189,1
ijfrip,4899,3
ijefam,5039,2
ij9gxu,1218,1
iioqk0,904,1
iilsp5,4190,2
igwruq,4237,3
igwoph,192,2
ifi916,8229,2
if77t3,5698,3
if1sdg,7227,1
iee9gf,3503,2
ie2g9r,7133,2
ie2bti,4577,1
idxern,5326,3
idapmz,4335,3
icvypl,35,2
icsul3,7562,3
iby0lm,5489,2
ibrlvt,5384,1
ibi9d2,4965,3
iartlw,5459,2
iap6yo,5189,1
ia93ao,54,1
ia8gc6,3560,3
ia2aob,7754,1
i9tapi,2616,3
i9qlbl,3392,2
i9kztq,9481,1
i94fu6,6222,3
i8mqc1,9558,3
i8dw0j,1374,2
i7abgt,5950,1
i6xrud,463,2
i629hl,202,2
i5yres,816,1
i54se2,7737,2
i4z7on,8607,1
i4w86p,1253,3
i4ko0u,4814,1
i49jf8,5289,1
i48b5q,1757,3
i437su,3700,2
i3otyo,1983,2
i3o4fe,1366,3
i33n7d,2614,2
i30dz3,8332,3
i2jogq,3898,3
i2bvrr,9230,1
i1z83r,2019,3
i1sp9q,6965,1
i1aafb,453,1
i15p8z,3069,2
i0l5m9,7367,1
hzq8s8,5215,3
hzdiru,6685,1
hzbs4i,8946,2
hyuacc,5732,2
hxx2c1,959,2
hwkc2j,6764,2
hwiir9,3357,3
hwiams,5983,1
hvsieb,7402,2
hvc6qs,4211,3
huqpzl,1141,1
hul2yf,4762,2
hudog1,8441,3
hu006c,3214,1
htynsr,228,3
htxf2x,2857,2
hte2kb,4648,1
ht26ec,8291,3
hsv8p2,5292,1
hsb1u4,4906,3
hrnsvu,8301,1
hrl3h1,6952,2
hrawam,755,1
hr0a91,6042,3
hqfvp4,5174,3
hpv0wm,347,1
hpc6vz,4240,3
hpajb2,2313,1
hohvgq,3029,3
hnx1jn,8420,1
hnt2kk,4066,3
hnh10y,6768,1
hnam46,4835,3
hmqhpy,2599,1
hmc9t4,8214,1
hm9zoc,4769,2
hm97t8,8381,1
hlkwm1,4733,1
hlguz6,2313,3
hl4crd,2742,3
hl2y33,5539,2
hkiyir,9554,1
hj5l23,4820,2
hiv3vf,7116,1
hipozj,8283,3
hib1hd,7364,3
hi0hzu,6375,2
hhv5xr,3507,1
hhfqbl,409,3
hh5jy4,2222,1
hgufqx,632,1
hgttkm,3430,2
hgnlf5,1479,1
hg4fzc,1533,3
heiyqq,6478,1
hecc72,8752,3
hd3tqs,5320,3
hciw10,1280,1
hbzd5o,7181,1
hbxj93,1558,3
haxi23,7806,2
haakkl,5400,2
ha6laa,6778,3
h9bf1m,1205,2
h98tt5,3486,1
h96nz8,2520,3
h940xb,3867,1
h8qhsg,6313,1
h8pty2,5337,2
h845gz,5729,2
h7kr40,8035,1
h7ivi3,8779,2
h7dtrq,7769,3
h0jwoz,7214,1
h01j32,5755,3
gzyd18,1698,2
gz3oc4,7207,1
gyv6to,1338,3
gyul1k,7643,2
gydxzd,5291,1
gybemr,3879,2
gy92pt,8535,3
gxo6tk,5050,2
gx95jt,9138,2
gx5iww,3333,3
gwrmf9,9207,1
gwibmc,8108,3
gw8z13,1449,3
gvyo43,2876,2
gvsh51,495,1
gvlcie,9629,3
gvc1rj,3046,2
gv3i57,3598,3
guuer4,2705,3
guq4yh,6507,2
gulkrs,8672,1
gu2raf,8854,3
gtv2c9,9197,3
gthgfw,3862,3
gtaq94,2986,1
gsudoz,2910,2
gsu3zm,153,1
gs23ks,761,1
grvwzg,9645,3
grk6zq,1322,2
gr8jz1,6321,3
gquwd7,4769,2
gqns9k,4159,3
gqdq2o,5183,1
gqchck,4179,2
gpwpgw,9150,3
gpvq28,2057,3
gpmbpl,6073,1
gp9tfg,4967,2
gp98rt,8113,3
gonna8,7423,1
golcfn,8828,2
gnwqqy,5559,2
gnpe2e,5279,3
gnetpw,6865,3
gn5tuk,4056,2
gmy6p0,631,1
gmkhb7,7542,2
gmirks,754,3
gm80x2,219,1
glfdmm,9567,3
gkw681,3794,1
gkcjwj,3946,2
gjq1c1,4263,2
gj92hg,5746,2
gj475j,9270,1
ghzk0p,1876,2
ghrjfs,6386,1
gh4atf,4909,2
gh3v0q,3421,3
gh1dj9,8991,1
ggspu2,632,1
ggojki,1499,3
ggibta,5689,2
ggakn3,109,1
gg1tq9,740,1
gfq9kp,9224,1
gfnax4,252,3
gf9hrs,2947,3
gezcd5,2822,2
ge1vxi,631,2
gdxr7o,478,2
gdf9l5,2032,3
gdbz0r,6189,1
gczle5,1029,3
gc2wo9,541,1
gc2k2w,4074,2
gc29zj,6183,3
gbmv7s,2378,3
gbjv5s,294,2
gb4rdb,5315,3
gb08da,5832,1
gazkh7,708,1
gap9nc,9072,3
gafyy8,2744,2
g9urkz,5536,1
g9gs5j,1814,1
g90nnb,3837,2
g8vjx3,6889,3
g8v44c,9373,3
g8s1af,6089,1
g8c7me,5334,3
g8250o,9178,3
g7wvpb,6263,1
g7nfvb,5253,1
g772ge,3543,2
g766dj,8678,3
g6og9l,9225,1
g61p08,7464,1
g5zmg0,1976,1
g5nqks,8816,3
g5ke91,7476,1
g5jk5a,7864,2
g5ali0,7738,1
g53mr9,9556,2
g4n3ef,6922,2
g4jc29,6918,3
g4an2p,1527,2
g48cu0,7337,1
g20x47,1284,3
g1vku4,6054,1
g18xad,9363,1
g12zmd,7131,3
g0iwnm,67,3
g0eddo,1027,1
fzss9t,9550,1
fz42qh,932,2
fy6tqq,3120,2
fx3aw2,6782,1
fwpiht,9057,2
fwh3cd,5586,2
fvwwzj,793,1
fvu8e5,3392,2
fvu3qu,353,3
fvq3n6,2924,1
fv9yja,7470,3
fuyoai,2397,3
ful3b9,4863,3
fuifr0,3406,2
ftupfx,9342,2
ft5nsy,5930,3
ft5dos,4037,2
frno4g,5204,1
frkgr7,4263,3
frgoje,7463,1
frd031,3997,3
fr07q6,5789,2
fqs1l7,4752,3
fq2k7w,7708,3
fpmzbt,6485,1
fpi8qf,769,3
fpcltw,3489,3
foud2l,9301,3
fo8l4m,2540,2
fo5stq,501,3
fnw0v7,7693,2
fnli8n,8201,3
fni5ow,5039,1
fnh8zm,3264,3
fn9414,2348,3
fmxjxg,6895,3
fmg41r,4949,1
fmf5zl,4128,2
fm17ja,6777,3
flbqyp,1122,3
fl8hvz,6739,2
fkqtb1,569,3
fkgfax,8026,1
fkg06u,1816,3
fkb2nh,5731,3
fkaz4f,4990,2
fjr27e,1000,1
fjo3at,8433,3
finjdz,2096,1
figunt,1698,2
fieuqo,6186,3
fhvho3,3856,2
fhveru,1805,1
fhsxau,194,3
fhl55t,9235,1
fhf63o,2381,3
fh2rr6,8285,1
fh1dg7,6774,3
fgpcyz,7294,2
fgo70f,1895,1
fg73za,1380,3
ffbpwv,8641,2
ff81cd,5576,3
fewkop,8818,1
feopi4,8909,3
fegzrb,6366,2
fefsu4,6168,1
fedkoa,1191,3
fe3rf8,8635,2
fdw0ax,4356,1
fd43g9,5600,1
fcu9p6,4518,2
fcj5jo,1987,3
fc3g5h,4069,1
fbkswv,1096,3
fauraj,4314,3
faahsp,1995,1
f9obl9,8153,3
f981hm,8474,3
f8wsyg,5937,1
f8uphl,2789,3
f8b38r,5879,3
f7cdwg,7049,3
f79xlp,2589,2
f6xk72,7588,3
f68whg,6737,2
f67y60,2161,1
f5immz,3268,1
f5d3nk,8447,3
f4gi80,3596,2
f3v7l5,569,3
f391mc,8036,2
f2pbvz,633,1
f29l4v,2213,1
f29bnn,476,2
f20n3x,4752,3
f20hwt,2781,2
f1tuv0,3588,1
f1rufm,5379,3
f1kov3,5783,2
f0xhq7,183,3
f0j6ih,6829,3
ezv3f2,4119,1
ezimik,6877,2
ezh50g,164,3
eyg2hv,6926,1
eydygk,9612,3
ey8icu,4301,3
excxlv,5916,3
ex9w4w,9584,2
ex2sks,6219,1
ewclwr,616,3
ew8oxq,8874,1
evxq2v,3904,3
evx8s3,5498,2
evsaoa,3479,1
evjii8,1212,2
evdtm2,3234,1
eufeqm,1084,3
eu6brx,6303,2
eu4ibo,4376,1
etsnq4,3702,3
etdiz9,2862,1
essc5y,1607,2
erx7d2,1198,1
erihl5,660,2
er3ng8,5332,1
eq3da0,5981,1
epyd9j,1815,3
epe861,4766,2
ep8m3q,7337,1
eokk7x,7266,2
entqie,3784,3
enfsk1,3002,1
en7ot4,6522,2
emtqng,5678,2
emh84k,1611,3
emaved,2294,2
ema1ba,5708,1
eleuz9,7799,3
ek5zwv,6065,1
ejxrh8,8611,2
ejvao9,418,3
ejivmu,9043,2
ejbwvb,1952,1
ej5yux,2203,3
eiiv4u,4678,3
eids06,2244,2
ei5d20,1525,3
ei56c9,6059,1
ehqvg5,1138,2
ehiiew,8916,3
ehhm4l,4075,2
egtwll,7848,3
egh3ku,3772,2
eg8mmn,6151,1
efwlcs,818,3
efuueb,629,2
efpjcp,234,3
efk5n3,2468,2
eesoav,8473,1
eesmnk,1750,2
eeok6g,7235,3
ee7xuq,5935,3
ee618r,7712,2
ee407v,7041,2
edtmzo,1577,2
edtagd,1334,3
edgai0,2189,3
ed55ms,9528,2
ed2pve,7773,1
ecg6bx,4013,3
ecchg8,8314,1
ebyn5f,2865,2
ebqt4p,7025,2
ebkmfj,7361,1
ebiydh,1610,2
ebdhi6,2144,3
eb5s3l,3375,3
eb4p6o,8273,2
eb240z,9411,3
eak3ze,2363,1
ea2gap,3795,1
e9rxcr,6223,3
e9q6j2,4356,2
e9cdf3,305,3
e9apif,5712,1
e8vbmt,5777,2
e8ihnp,2418,3
e7xdtt,1443,2
e6s20u,3781,3
e6iy5o,6357,3
e693fa,5932,2
e5qx5d,8156,3
e5nglv,367,2
e3t0wq,7924,2
e3feph,3951,2
e3buo3,6156,1
e2sl1n,3360,3
e2jo1o,6715,2
e2jj8b,4214,1
e214sl,2792,2
e1r0ou,527,1
e1k092,2425,1
e10b5x,6386,1
e0sxxw,8608,2
e0puay,214,3
e03azf,432,1
dzkcaf,1638,3
dymkdj,8330,2
dy3563,9528,2
dwc6vt,5929,2
dw7sms,3819,1
dw4a2c,4988,1
dw0ysp,7574,3
dw0yad,8354,2
dv7mdc,1810,3
dv5axp,5864,1
duwie8,413,2
dukj07,8879,2
dudedh,6851,3
dtvx8p,8979,2
dt628c,3382,2
dsr6j5,2863,3
ds3gf1,1433,2
ds1xvc,4451,1
drjc8c,8598,2
drj12t,523,1
drde9q,8856,3
dqf09j,4117,3
dq82x7,5066,1
dpbper,4785,1
dpb1o7,8474,2
dp389c,6159,1
doritf,6505,1
donbz7,6158,1
dohrka,7753,2
do870r,7544,1
dnmlyz,2915,3
dndeag,2438,2
dn6xrr,4806,1
dn5uxq,220,3
dmww2b,4749,2
dmoht4,9122,3
dmggms,1267,1
dmeoni,8461,2
dlzps3,7962,2
dlg1rf,6445,3
dkprx5,2082,2
dkcspv,2286,1
dk9eq3,3075,3
dk6x81,6335,2
djju8a,3992,1
dj5psh,6975,1
dizbcz,5003,3
ditivx,1295,1
diosgd,3859,2
dijadz,3681,3
di2fez,5815,1
dhr90x,6961,2
dhh2qg,2368,3
dhe767,7393,1
dh2xfs,5677,1
dgroou,8409,1
dglmy6,5622,3
dg0a5i,7070,1
dfmvop,9294,2
dfix5q,8494,3
df6wlj,243,1
df5avr,4946,2
df4lk5,4407,3
deonyl,2731,3
de5wam,638,1
ddbjnv,9113,2
dcy2ar,9536,1
dc4sh0,630,3
dc0a5f,5041,1
dbgcvy,823,1
dbb9so,9593,2
db8c4u,8650,1
daxwf4,8834,3
da5mhe,3174,3
da2cna,9189,1
d9ve3z,3490,2
d9ou35,7957,3
d9jidd,2417,1
d9a3o1,5398,3
d8vbxd,3057,3
d8nlqf,1494,1
d8jheo,117,1
d7p4gy,165,1
d7ad2y,173,1
d77755,8819,2
d74usq,1103,3
d6iovq,6493,2
d6buto,4991,3
d5wqpz,8325,2
d5nfjc,9533,3
d5mn4l,57,2
d5dvju,8461,3
d4x7r9,5784,2
d4pm74,9227,2
d4l9ew,3037,1
d43bil,7062,3
d3cage,6050,3
d38okq,8635,1
d2rym1,318,3
d1xmlt,2063,2
d1h83s,835,3
d1ege7,7325,2
d0vxrs,8973,1
czx9cb,7594,2
czjb6t,4132,2
cz1k82,4742,1
cyeib0,2542,2
cxxjjg,6611,1
cw39dx,8746,1
cvrgjs,195,2
cu9uyn,6021,2
cu26yc,8566,3
ct7t1d,5962,3
cqw180,7693,3
cqffii,5602,3
cq1yob,9112,2
cpvssu,5251,1
cpos7l,5631,3
cpei12,8797,2
cp51po,6369,3
cok47z,3835,1
coeide,3212,3
co37ut,9309,1
cnvc3e,4182,3
cnu3yz,5602,2
cnavt4,348,3
cn8y01,3209,1
cn6s4k,3428,1
cmwina,1894,3
cmit48,3395,3
cmhctd,2948,1
cldkql,6444,3
cl75du,301,1
ckptcz,713,3
ckmf7y,4151,2
ckdnkf,4109,3
ck8rm0,5469,1
cjtmi8,3445,1
cjbr09,7704,3
ci358m,2662,3
chn48w,4893,3
chc220,5201,1
ch0qms,292,1
cgwvf2,7931,2
cgwvds,7902,3
cgmptl,8139,1
cgbzos,3115,3
cfxpxy,7775,1
cf9giw,9532,3
ce82l6,5947,3
cdw75u,6906,2
cdsnm2,3348,1
cdhpip,8889,2
ccdkhi,860,2
cbz7lg,2179,1
cbwst3,8907,2
cbnftu,2242,1
cb9wie,2204,3
cb6qv6,647,2
cb0gte,7545,3
cal86a,1098,2
ca5x7a,8984,3
c950ob,7403,1
c8uick,5362,2
c8eby2,2164,3
c7p27w,1561,1
c7l6fo,3100,3
c7hwzj,5143,2
c6gs1q,8192,1
c5wsfe,8710,2
c5is9e,6079,1
c4ylga,6787,1
c4ptme,8994,2
c4asvf,9352,3
c3e9qu,3089,1
c331h7,7219,2
c2plca,5618,3
c2pfgb,251,1
c22u9s,1252,1
c20onb,2016,2
c1vxoc,1617,1
c1q179,2768,3
c1i1zr,3424,2
c0fj6a,2396,2
bzygxl,2731,3
bzda9p,4821,3
bxvpuz,6215,2
bxf28n,4127,3
bwwuy7,459,2
bvzc7w,2107,1
bvbgw9,7404,2
bvbg4p,3728,1
buucku,2132,1
butokm,3623,2
bupmyf,7472,3
bufp91,1725,3
budoyb,4095,1
bual4g,3681,2
btv4lz,6942,2
btgj82,953,2
bt49o0,7659,2
bse25u,2781,1
broeit,2904,2
br8kt3,6626,3
bqss1j,2369,2
bqdu27,3439,2
bpz0s8,9359,3
bpsi8d,7279,2
bpriqx,1463,1
bphghz,3205,3
bpfy92,9299,2
bpbj97,1519,1
bp74bh,7940,2
boytzs,712,3
bov33q,6145,2
bok8bw,3575,1
bo8a0c,307,3
bn6phx,6210,2
bmmyae,3701,1
blfzqz,3247,2
bl7abw,260,1
bl6gbm,8165,2
bk8i6d,6921,2
bk6z4h,6227,3
bjxlqf,4665,1
bjl6r0,1530,3
bjbrju,2148,1
bj84sp,6777,3
bj388g,8343,1
bj1edt,53,3
birddg,3783,2
bhmr4q,678,3
bhk7i8,295,2
bhenys,3923,1
bhb4ds,5249,1
bh3kko,3880,3
bglwhy,4503,1
bghg67,7618,2
bezjso,8979,3
bex53u,3684,2
beoxx8,894,1
benech,9425,2
bectka,6637,2
bdvvpr,865,2
bdviis,6480,1
bdgwcw,8979,2
bcrmvg,4323,2
bci6so,8977,2
bcgoy7,9312,3
bc0lka,3276,2
bbprie,592,3
bb9umg,6614,1
basv25,256,2
baavxj,6742,1
b9prd1,7131,1
b9iyi6,3830,1
b8zm2x,936,2
b8pzss,1312,3
b87kko,3217,1
b7wir0,4940,3
b7p3uv,9608,1
b6wgmo,6224,1
b63l98,3548,1
b5o1lz,8010,2
b5idqk,5332,1
b4n4yf,6545,1
b4gkat,2591,2
b3zlha,7906,1
b3bhwm,5661,1
b3alkh,4860,2
b32lve,4478,1
b2vyga,2899,2
b2q0nd,167,3
b2oiaj,4916,1
b2gzo2,2713,3
b0rdsi,8102,1
b0l55x,811,2
az4ili,1795,3
ayr92n,2290,2
ayd01o,2841,1
aycj35,6759,2
ayapts,922,3
axybgg,2722,2
axies7,3228,2
axdirb,7501,1
axc5n8,3209,3
av1ols,6169,2
auvj3q,1660,1
aujtrm,676,2
auj866,4611,3
at80o8,943,3
ass30h,3574,3
asg13m,8744,2
as3517,8139,2
arhdml,6909,2
aqy8jm,8957,3
aqwcyx,5555,1
aqto73,5406,2
aqnuak,547,2
apwm0q,9318,1
apq4xu,4670,1
ap4gzx,1304,3
aohn8w,7557,3
aodpek,6779,1
aoap2e,2377,3
aoacek,7741,3
anrams,6383,1
anpsfh,9046,3
an1xn9,9487,3
amsdk2,193,3
amjiyj,3094,1
ami3o3,9134,2
ame313,8179,3
am1yeq,3570,1
alaftc,2892,2
akquw3,3300,1
akjsr9,3035,2
ajgzoc,3448,1
ajfpgt,3023,1
aj6ohk,5901,3
air0nf,8715,3
aip9gb,8453,2
aip7vu,3938,1
ahb17a,919,2
ah0q69,3382,3
agsfzo,6967,1
agk1on,8658,2
agiatj,6392,1
agfl8l,8656,3
afylz4,725,3
afxpzc,4069,2
afb8j0,2414,1
aexgjd,9015,2
aepol4,1399,1
ael5rz,1222,3
adxkbc,5172,2
adkjpo,7357,1
ac6wsd,2507,1
abplzh,8709,2
abky3w,819,3
abj1mc,706,1
ab4207,6223,1
aau4jv,509,3
a9wkhe,3741,1
a9mfvw,4892,2
a91nkw,4709,2
a8yllj,9389,3
a8w7gl,7103,2
a8p7tg,3723,3
a8ku09,531,2
a8de1k,2684,2
a88ejl,7797,3
a7lj8u,1070,2
a6raiw,9365,3
a6pqg1,8493,2
a6lq4e,6824,3
a6es81,2307,2
a6cbzm,1963,1
a5v1ba,4453,3
a443fo,6974,1
a3m4yd,4985,2
a3gm3u,8842,3
a388nw,3687,3
a34ner,5784,1
a2t6yn,516,2
a2mt1r,4447,2
a21d0q,4825,1
a14mel,533,2
a0xfc2,5005,1
9zw14f,5804,2
9zl84o,946,2
9xxm3w,8098,3
9xng01,4515,1
9xblp7,7876,2
9xac2b,176,2
9wk5ws,7698,2
9w7zxy,4093,2
9vihdt,4002,3
9vfled,6632,2
9v8xnl,6806,2
9us4hb,9062,3
9ulsrm,6599,2
9tis06,4948,3
9tggjf,9105,2
9t9kz4,7430,3
9symfk,2522,1
9smwvx,8264,1
9scbeo,3135,2
9r67st,3397,2
9qdk0w,3101,3
9q11l5,2943,3
9ptc8w,8345,2
9psua7,6660,3
9plu6q,9182,3
9p9ccz,2326,1
9oq5xg,7228,2
9ootuz,2616,3
9oh964,4551,2
9obgrh,7855,2
9lzabc,7410,1
9lvjhv,1512,2
9lprhw,733,3
9lhduj,3782,2
9jhhet,882,1
9jdgrt,8163,3
9j25gp,6013,2
9iqcr3,1758,1
9ii4yj,3247,2
9ia8hh,570,2
9hzela,321,2
9hrxqf,5286,3
9h77lb,6231,3
9gb7wr,275,2
9f94nx,1988,2
9f18t6,535,3
9e362x,173,2
9duq0l,9424,3
9dcltp,2245,3
9atwri,3855,1
9aqvj9,100,2
9a7usg,4676,1
99qkrk,8289,1
98wrkw,4810,1
98ulq8,2255,1
96pkz2,9049,3
95mwmb,2237,2
94ukij,3215,2
937jtn,8565,2
92x6ll,2608,1
92aokb,1154,2
8z19gw,3199,1
8yggag,2040,1
8xqcz3,35,1
8xo5tb,6839,2
8x4x1x,2583,3
8wskuz,7129,2
8wmgu3,1089,3
8wj1nr,2509,3
8wb4we,2156,2
8w74rr,7689,2
8vgk3u,5318,2
8vbkti,9224,1
8urv9b,1801,2
8um2zh,5285,2
8uibp4,6844,1
8u9cdf,3941,2
8u8ol7,2794,1
8u489i,2833,3
8u0ae1,8798,1
8trprk,2386,2
8tq81f,8746,1
8t0l40,8393,1
8sue41,7071,1
8sq0jy,1788,1
8sm8ly,7944,2
8sh3jz,1806,2
8rrwyc,9274,2
8rdpwy,171,1
8qh7e5,3926,1
8qgnlw,6394,3
8q92dj,528,2
8psghc,7634,1
8pkl9g,9625,2
8pgenc,3417,2
8p9car,6836,1
8p5nro,3333,2
8p169l,6990,1
8oidv2,2270,2
8ogaot,1163,3
8nzysr,5015,2
8nvv8h,4378,2
8ns7vv,8652,1
8nov7j,5494,2
8nl2ps,7703,3
8nh59s,4361,2
8neyfp,6667,3
8na5z9,3883,2
8n42xj,8586,2
8n04hp,4793,1
8myllg,5522,2
8midpw,6311,1
8mgs8k,8789,1
8lm5f0,5387,1
8le7ew,3819,2
8lduw7,4876,1
8l5w56,7171,1
8kv9c1,2256,2
8kifb0,5796,1
8kcfd8,1007,2
8kbmyn,4556,1
8jxoj6,8005,2
8js8vu,7542,2
8jneyb,9041,3
8jlfhy,767,2
8jdglx,2623,1
8imk9k,4444,2
8ihv63,1442,2
8id4ym,1622,2
8ic9rt,144,2
8i3zll,6860,1
8hzayt,5699,2
8hz8xy,1564,1
8hvuhj,4398,2
8hlsd5,8799,2
8hdby5,910,1
8h2wzn,7919,1
8h1saq,2273,2
8gll9t,5057,1
8fzub0,5979,3
8fzkwc,5314,1
8ftpmo,830,1
8fjuoq,6262,2
8fd4dr,5702,2
8f9dvm,3507,1
8f117f,4931,2
8eui19,2179,2
8esr8w,6456,3
8er6c3,3316,1
8ekhr3,6764,2
8eg5l3,3278,2
8e7jcz,4793,2
8drm8e,1370,1
8d3zuy,7062,2
8d388w,3559,1
8cyocw,5203,2
8cram8,5278,1
8cg9hu,5020,2
8c79t8,4221,2
8byh8y,746,2
8bwyax,683,1
8bsqjw,8498,2
8bo0kf,7462,2
8bh1ll,6919,2
8bd70m,8996,3
8b4vi0,4775,1
8ay4u6,4932,1
8axkgo,3689,2
8augc6,2953,2
8acsrf,4153,3
89nzbm,4688,2
89jwg8,6049,3
89i9h8,2217,1
88zs1l,7806,2
88tqmj,1549,2
88h0g4,853,1
889w4g,6107,2
87kgb8,6340,2
8703a9,7523,1
86s1rl,8942,1
86k3t5,5548,2
86ipxh,2145,1
869ml6,7573,1
860311,8796,1
85ojon,5926,3
85o6hu,5202,1
85aja0,6259,2
8535yl,4525,2
852rod,2990,1
84s65n,1798,2
84ry9f,5767,1
84kgiy,487,1
84delc,437,2
84756y,1674,2
83ohd5,2281,1
83mkrz,5854,2
82uqg8,2628,2
82mqtw,7565,1
82ed9v,9341,1
82e48t,6950,3
81h5c9,2286,1
81fh2a,5114,2
8155ed,4608,2
81050c,4260,1
80rhvh,4969,3
80nrgy,791,1
80cg7n,6716,2
808j84,6236,1
800sfw,8123,3
7zxieg,5664,2
7zhwd8,2272,2
7zgosq,1454,1
7zeexq,9349,2
7zbd51,3916,1
7z3vvb,2488,1
7y6g79,7834,1
7x8ve2,1236,1
7x3nm0,6245,2
7wtnxv,9345,1
7vuqvc,5272,1
7vhmp7,9540,1
7v8206,4822,2
7v6729,199,1
7v41ts,7117,2
7v0bcb,4111,1
7uqxkk,6760,2
7uevb5,3717,1
7u2xsq,5666,1
7ts8my,6182,1
7swxm5,2497,1
7s1n5j,4405,2
7ruvhk,2784,2
7ro5ft,5119,3
7rauu9,4571,2
7qu8q7,4388,3
7qm31p,9345,1
7qhz46,3228,2
7pwqkx,9070,2
7p69vu,208,2
7ozf74,1531,2
7nuu2a,5766,2
7nmb8f,586,2
7nlzte,4744,1
7nesz7,4867,1
7n69h0,4487,1
7muyz2,6758,1
7mlwf4,797,1
7ly5gi,5042,1
7la1ez,6087,1
7keucd,3612,2
7jyqha,8139,1
7jphff,7361,1
7ji60w,8399,2
7j9zas,2607,2
7if6h1,8722,1
7hzpma,6835,2
7hys85,936,1
7hvmjx,9365,2
7htg5f,9006,1
7hjmke,2796,2
7h8f75,4025,1
7gls3j,6593,1
7ghmn8,7513,1
7gc0iy,3840,2
7fro3g,5245,1
7fhzrd,3376,2
7f42ut,2835,3
7dypk2,8686,2
7dhett,5881,2
7dd45h,1619,1
7d7ge0,1875,1
7d6dkw,1726,1
7cqb1w,5204,2
7ck21v,6254,2
7c408f,6067,2
7bxdyv,6062,1
7buzhx,7067,2
7bl75q,8499,2
7bfa99,8066,1
7bdcg7,9106,2
7b7ghl,6850,1
7ak839,8248,2
7ad4ws,7258,3
7a9ye7,1321,1
79ghfo,1525,1
798hkz,802,2
785ng7,7059,2
77m2k2,5840,1
7780ok,3906,1
76xjb5,2280,1
76rt3z,3240,1
75aqpg,24,3
74iyoc,5591,2
74gual,3493,1
748cco,7086,1
7481se,5682,2
73n9pm,7913,1
732rxz,3813,1
72l4oi,8588,1
72cul1,9535,2
71uxa5,6721,1
713hnw,1204,3
70vuj5,5731,1
709d0y,6860,2
6z51xb,7189,1
6y5jo8,6412,1
6xvnwo,4895,1
6xi6xo,7152,2
6wle45,1068,1
6w5zyo,2415,1
6vplgr,4327,1
6vfahz,1870,2
6upvf2,8994,1
6uhy0w,2272,2
6ubaf2,6419,1
6u82w5,1094,2
6u2mz1,8566,1
6tgo6p,7645,2
6t58ks,4466,1
6t015o,5780,2
6sndko,5980,1
6sjmjm,3250,2
6se5zj,9226,1
6rkcjy,6358,2
6rj9r4,949,1
6qvbu8,1908,1
6qusu2,4233,2
6q1y7b,3203,3
6pnjqn,5780,1
6p360a,5519,2
6nsvcf,2190,2
6nnmdy,641,1
6n1zab,6349,2
6l2esd,228,1
6k3wpp,8027,2
6jks9o,7020,1
6jdk8k,9006,2
6iib9r,3663,1
6i91sh,7567,2
6h6ao0,1593,1
6gt2j0,7689,1
6go2n9,5787,1
6gi8lw,8482,3
6frfb5,934,1
6frari,4786,2
6f6vsp,8781,2
6dlk3q,3611,2
6dg8ed,3170,1
6d9tmp,3322,1
6d927a,3514,2
6d0n88,7617,2
6ct31x,6212,1
6cp4tk,4891,2
6cavbn,9646,2
6c0cc4,1690,1
6bo3mk,9318,3
6b2mrp,2871,2
6a97pt,2693,1
68y8bb,8744,1
678xz7,7368,2
66af1z,173,3
665flm,8533,1
65ukie,8291,1
65666y,9416,2
646xo7,6559,2
6407l0,4388,2
63uvzq,7789,1
63f3uk,3388,1
63ekr6,1282,2
61z4x8,7142,2
61s5yo,4638,2
6170lr,2543,2
60sier,988,1
60hy0t,5918,1
5z8110,6467,1
5ysono,9016,1
5y61bg,935,1
5xknzo,7291,2
5tgudb,7154,2
5shha6,3699,2
5qsqxj,1841,2
5qfjoa,212,3
5q4qvq,1778,2
5prbvw,4228,2
5p3izs,9472,2
5m6lul,6656,2
5m09q3,5531,2
5lfs8a,5763,2
5k70xu,8130,2
5k35un,7711,2
5jg7b8,3268,1
5izj5v,4712,3
5ibw80,7741,2
5e59bj,8882,1
5e46on,6326,2
5e04wb,6326,2
5dmia1,3872,2
5dj8f6,2656,2
5dgoo6,5611,1
5d5brx,4497,1
5d2wx5,6490,2
5cqdh5,6994,1
5bv4n8,5913,2
5bl5ua,9629,2
5b5mmm,4966,2
5b5ej8,776,1
5aywob,1259,2
58iv06,1086,1
57h7e4,7426,2
579qe0,6533,2
56ibog,569,1
558yhx,7133,1
52k3hp,784,1
527yoi,1211,1
51t84h,8300,2
51sr9t,2463,1
51qhc8,3086,1
51he15,7591,1
4xgkoa,7553,1
4wcite,3658,2
4w6tsv,4817,1
4v58b2,8679,1
4ur821,5500,1
4thexz,9109,1
4q238x,2492,1
4oynwy,8995,1
4o29jo,2906,1
4nbnfd,2287,2
4lf8n1,1730,1
4j7ft5,9328,1
4j0u2z,650,1
4hqwza,9003,1
4f07rp,1843,1
4eila2,127,1
4domnk,2333,1
4cv9ef,7808,1
4ceuy5,7151,1
4casci,393,1
4b0cff,8627,1
4atxby,8178,2
4a7pfx,6599,1
4a33xq,5848,2
4a33ll,2235,1
49wrt4,1444,1
49snc2,7687,1
49nb9c,7089,2
49n2e5,3333,1
47zxox,398,1
47p56t,8858,1
44qmvt,3784,2
43fl90,4464,1
42ymo8,8605,1
42onv8,2105,2
40kh35,8248,1
404r9m,5510,1
4007ma,6350,1
3wzmkx,5380,1
3t6dah,6633,1
3sitlc,935,2
3s4x0m,2219,2
3s4qpm,3893,1
3m78k1,9153,3
3kxlb5,7610,2
3jhx87,3687,2
3j4rg3,6613,2
3j295y,433,1
3eu2rv,8210,1
3a1ebc,5084,1
33n77s,3177,1
32ihpe,5153,1
2tmzyf,6980,2
2rqfvq,9479,2
2lmo0l,7015,1
25lnbt,5497,1
1w8zve,7166,2
1hhq5u,6840,2
1cblax,8765,2
