vote_id,vote_counter,upvote_ratio,post_id
1,7798,0.99,gh1dj9
2,5851,0.98,kuc6tz
3,4761,0.97,g7nfvb
4,4688,0.97,lui92h
5,4568,0.96,ohxnts
6,4370,0.98,n2f0ld
7,3954,0.97,k8nyf8
8,3876,0.95,vkxsf2
9,3802,0.97,oeg6nl
10,3787,0.95,hiv3vf
11,3592,0.99,m554cq
12,3493,0.99,hohvgq
13,3448,0.97,xdv6nz
14,3443,0.98,j0oyk6
15,3349,0.96,tj3kek
16,3304,0.98,fg73za
17,3272,0.99,leq2kf
18,3201,0.98,oisl3e
19,3171,0.98,xit874
20,3155,0.98,klbvaw
21,3098,0.99,wp2vqk
22,3083,0.98,e6iy5o
23,2928,0.93,ybnnra
24,2792,0.98,dudedh
25,2779,0.99,gc2wo9
26,2755,0.95,peremu
27,2749,0.97,zhrgln
28,2743,0.98,pmqtj9
29,2733,0.99,juv419
30,2729,0.98,hciw10
31,2690,0.99,ljftgi
32,2680,0.97,10ys3md
33,2655,0.97,s4tu5x
34,2617,0.98,uqzrul
35,2585,0.97,ejvao9
36,2560,0.96,xtxe6f
37,2540,0.98,dh2xfs
38,2528,0.98,jm86z9
39,2517,0.96,ma8xbq
40,2520,0.98,qzluvi
41,2518,0.98,frkgr7
42,2495,0.96,10mmm38
43,2486,0.98,vwlmoo
44,2450,0.98,p0moqj
45,2442,0.93,11sboh1
46,2436,0.96,748cco
47,2426,0.97,tw7kc0
48,2392,0.96,o843t5
49,2316,0.99,g7wvpb
50,2283,0.94,qrjmge
51,2283,0.99,eb240z
52,2271,0.97,xcdnd8
53,2255,0.97,i1aafb
54,2235,0.98,kythnj
55,2196,0.98,tjfxtx
56,2193,0.98,kp5pxi
57,2197,0.99,f6xk72
58,2146,0.95,sfbtds
59,2144,0.96,rozxuk
60,2132,0.98,mouyp0
61,2133,0.97,zw9mtn
62,2113,0.98,wmypmh
63,2112,0.94,p59a8u
64,2105,0.98,jcuch4
65,2097,0.96,5z8110
66,2084,0.94,uw2a27
67,2049,0.96,yik3k5
68,2045,0.97,xyxe8w
69,2038,0.97,rdsepx
70,2020,0.96,g8v44c
71,2014,0.99,t7qe6b
72,2003,0.95,o3804y
73,1992,0.97,qo4kp8
74,1988,0.97,g4jc29
75,1984,0.98,fvu3qu
76,1967,0.99,jybogw
77,1968,0.97,ah0q69
78,1951,0.99,ia2aob
79,1937,0.98,m47an8
80,1929,0.98,10tovhn
81,1916,0.98,tq93vt
82,1900,0.97,ja54n9
83,1886,0.96,eiiv4u
84,1877,0.97,mmzbgq
85,1878,0.97,10ch0kw
86,1871,0.98,vbcfpg
87,1847,0.98,thsx8t
88,1839,0.94,zo5bwf
89,1825,0.97,j0btow
90,1822,0.98,yaqlvi
91,1813,0.98,uks8zr
92,1810,0.96,w2282t
93,1801,0.96,ro2567
94,1795,0.98,da5mhe
95,1782,0.96,cqffii
96,1771,0.96,g6og9l
97,1771,0.94,umse6v
98,1772,0.97,ijkkbb
99,1765,0.98,orybjg
100,1737,0.99,p6hsoh
101,1732,0.99,w6kj9y
102,1731,0.98,xtd8kc
103,1731,0.98,v5f8et
104,1722,0.96,8n04hp
105,1690,0.97,10y2rrx
106,1682,0.94,uls349
107,1687,0.95,68y8bb
108,1679,0.97,ugg2bz
109,1677,0.97,ey8icu
110,1665,0.95,cb0gte
111,1664,0.97,e9cdf3
112,1662,0.98,ylfpqx
113,1661,0.99,ggspu2
114,1658,0.99,qbnf3s
115,1645,0.97,uyratt
116,1637,0.86,6l2esd
117,1626,0.96,tq5i58
118,1620,0.98,q9hhqt
119,1606,0.99,d74usq
120,1605,0.98,lozys9
121,1592,0.96,kfip3w
122,1587,0.97,d6buto
123,1579,0.9,10nyhcl
124,1555,0.98,s0dn5b
125,1556,0.98,cu26yc
126,1555,0.94,tn3xh2
127,1539,0.96,106q6m9
128,1532,0.96,qph4tx
129,1503,0.99,xbl58o
130,1509,0.97,tag8l5
131,1500,0.94,ztwkky
132,1497,0.96,h98tt5
133,1494,0.98,glfdmm
134,1474,0.98,g8s1af
135,1471,0.98,hlkwm1
136,1472,0.99,ur5521
137,1463,0.95,p6lpws
138,1457,0.91,zqsseu
139,1456,0.99,x6ji1j
140,1449,0.98,wjycg3
141,1439,0.98,xh6voz
142,1435,0.99,mcy1zw
143,1421,0.98,f20n3x
144,1411,0.85,92x6ll
145,1411,0.98,qdai89
146,1401,0.99,ggakn3
147,1396,0.99,xbj6cn
148,1392,0.99,uqk878
149,1381,0.97,qypj5f
150,1371,0.95,u6dlyr
151,1369,0.92,10h4zfl
152,1368,0.99,j4auif
153,1361,0.97,oikye2
154,1352,0.98,d7ad2y
155,1349,0.95,uz12cu
156,1348,0.95,jdeyp9
157,1342,0.93,rmcgwt
158,1341,0.87,wiqjxv
159,1318,0.98,k3ygrc
160,1313,0.95,8l5w56
161,1309,0.99,tqbez2
162,1304,0.99,8kbmyn
163,1302,0.99,qjpcut
164,1301,0.99,wz68mz
165,1300,0.95,4w6tsv
166,1293,0.97,ycgmbu
167,1299,0.96,p7hpd9
168,1291,0.95,7y6g79
169,1288,0.96,f1rufm
170,1280,0.97,vwvg8j
171,1289,0.96,eesoav
172,1280,0.88,10ujsk5
173,1265,0.94,u0o0yy
174,1267,0.98,11rizyb
175,1262,0.98,zo2nl1
176,1271,0.94,e0puay
177,1253,0.99,mp6ink
178,1258,0.97,7vuqvc
179,1255,0.98,gydxzd
180,1241,0.99,yhrlpj
181,1243,0.98,vljjur
182,1228,0.98,qeihw2
183,1226,0.96,yzap5b
184,1225,0.99,o468ms
185,1223,0.96,rjg6ng
186,1221,0.99,ia93ao
187,1218,0.96,nnqjjc
188,1201,0.84,11d4uys
189,1203,0.98,ohk6b7
190,1195,0.98,i5yres
191,1201,0.95,qgx1vm
192,1197,0.95,pymzvn
193,1184,0.98,vi5cvr
194,1187,0.94,8p169l
195,1182,0.96,ex2sks
196,1175,0.98,if1sdg
197,1176,0.97,gpmbpl
198,1163,0.99,11vozd5
199,1173,0.99,ajgzoc
200,1163,0.97,xat19z
201,1164,0.96,sroth8
202,1160,0.98,10nxqfg
203,1151,0.98,dv7mdc
204,1157,0.97,bvzc7w
205,1146,0.96,ymo07f
206,1144,0.97,wbwkwb
207,1136,0.97,dijadz
208,1133,0.98,n3b1m6
209,1125,0.97,e1r0ou
210,1128,0.96,7fro3g
211,1121,0.97,7gls3j
212,1111,0.98,zowhlo
213,1109,0.97,yxzaz3
214,1110,0.95,ypr93q
215,1110,0.99,eufeqm
216,1104,0.98,fni5ow
217,1104,0.91,xgnt6k
218,1098,0.98,w759hp
219,1099,0.97,11ddeft
220,1098,0.94,11uzhqa
221,1096,0.97,vapbkh
222,1095,0.98,xslpwt
223,1088,0.98,xf6ifb
224,1082,0.95,10ikd4i
225,1081,0.9,8hdby5
226,1077,0.98,10pkvru
227,1077,0.95,fvwwzj
228,1070,0.96,w4k8w8
229,1070,0.99,q97fpv
230,1070,0.97,8rdpwy
231,1064,0.96,hudog1
232,1061,0.96,nue01q
233,1065,0.98,kibblu
234,1059,0.94,gyv6to
235,1066,0.96,x5dwm5
236,1057,0.94,wz7pfk
237,1052,0.95,7b7ghl
238,1042,0.93,ynx8o8
239,1050,0.94,6se5zj
240,1043,0.92,vx6kcx
241,1046,0.96,yh3gmq
242,1039,0.85,xwv9m3
243,1044,0.96,ff81cd
244,1029,0.95,cmit48
245,1035,0.98,rgb80b
246,1031,0.91,10de0j4
247,1025,0.96,r3c970
248,1027,0.99,tqe3y6
249,1031,0.93,at80o8
250,1018,0.95,ktnwcv
251,1024,0.94,6z51xb
252,1014,0.98,uzt23p
253,1019,0.94,roufb5
254,1004,0.96,a88ejl
255,1008,0.99,kbnlte
256,1007,0.94,b2q0nd
257,1007,0.95,g12zmd
258,1001,1,wp96s5
259,994,0.98,w1ybgk
260,998,0.93,zvbjot
261,997,0.98,s0kndc
262,995,0.98,ra6teb
263,992,0.97,c7l6fo
264,984,0.98,xfnjqa
265,987,0.91,fm17ja
266,982,0.97,xd9ewk
267,980,0.98,xhahv5
268,981,0.97,npurud
269,982,0.91,lkn4rl
270,975,0.96,uiuqwp
271,978,0.96,bbprie
272,974,0.99,wcalkv
273,970,0.98,mocpgj
274,974,0.98,ael5rz
275,966,0.95,ssfijc
276,959,0.96,k7iytr
277,967,0.95,bh3kko
278,958,0.87,1032pgs
279,955,0.99,ab4207
280,952,0.94,ngn6at
281,949,0.97,hzdiru
282,954,0.99,xnbv8e
283,952,0.97,opnzmc
284,940,0.93,y89xqw
285,943,0.94,lcuq4b
286,932,0.9,sh4otq
287,934,0.95,wvsu4r
288,935,0.98,hpajb2
289,929,0.98,w5w0jq
290,935,0.97,nmyg3i
291,930,0.95,wi2gil
292,928,0.98,lgiug8
293,929,0.97,efwlcs
294,931,0.97,8qh7e5
295,924,0.92,u1ivbw
296,922,0.97,di2fez
297,919,0.98,bmmyae
298,918,0.94,hgnlf5
299,912,0.98,w0pxwh
300,911,0.96,aau4jv
301,910,0.95,sab6tk
302,915,0.94,8midpw
303,906,0.99,a6cbzm
304,910,0.98,vye69k
305,906,0.97,hu006c
306,903,0.93,mxg7pv
307,900,0.93,heiyqq
308,892,0.99,kr63ot
309,898,0.99,f981hm
310,896,0.95,qeo7fx
311,901,0.97,pk613b
312,884,0.97,ky27rn
313,885,0.98,110s8ui
314,881,0.97,r5thf9
315,878,0.98,wt6ztg
316,885,0.98,pqpl7m
317,878,0.91,cmhctd
318,879,0.97,8p9car
319,871,0.97,uryrot
320,874,0.98,f5d3nk
321,875,0.97,8uibp4
322,867,0.98,m3in2j
323,870,0.98,iorbjg
324,868,0.99,bn6phx
325,869,0.97,qo1l35
326,873,0.98,smbj1o
327,869,0.97,11mlwty
328,865,0.91,pc2g4c
329,865,0.86,11u1xb7
330,866,0.98,t78zoq
331,859,0.97,cb9wie
332,859,0.98,rsfdlx
333,861,0.97,fkgfax
334,859,0.98,10nodn4
335,860,0.96,rxm4ej
336,853,0.94,e03azf
337,856,0.94,vm9xjz
338,853,0.96,v42pej
339,857,0.97,uk62j3
340,856,0.96,gfnax4
341,855,0.95,70vuj5
342,851,0.98,qymvys
343,842,0.97,p29bae
344,846,0.95,klppo6
345,842,0.98,9t9kz4
346,846,0.95,7ts8my
347,842,0.96,10zvb04
348,842,0.97,11nwxd6
349,831,0.99,wn61bp
350,831,0.99,jhx3cv
351,832,0.98,krkxog
352,833,0.98,cgwvds
353,824,0.93,qj3uhj
354,827,0.95,10zmz2d
355,828,0.95,om7kq3
356,827,0.96,hkiyir
357,829,0.98,qt2tws
358,832,0.98,gj475j
359,825,0.98,t6lcyz
360,823,0.98,lqrek7
361,820,0.96,dhe767
362,820,0.96,eyg2hv
363,818,0.9,8i3zll
364,818,0.98,gtaq94
365,813,0.85,vxuxhv
366,818,0.99,fdw0ax
367,818,0.99,rh22z9
368,813,0.96,jvq4jw
369,811,0.88,xgu9wg
370,816,0.88,ohsz93
371,814,0.97,j1q5w2
372,810,0.97,ujurw5
373,804,0.97,aohn8w
374,805,0.96,uf552a
375,806,0.92,myiw7e
376,812,0.95,drde9q
377,803,0.98,bupmyf
378,796,0.95,11jgig0
379,792,0.96,w4jg7q
380,796,0.98,n10o03
381,794,0.99,xix8ef
382,795,0.95,qxzwse
383,794,0.97,s3mjqf
384,787,0.98,jh9wej
385,788,0.94,efpjcp
386,784,0.99,oss2e3
387,784,0.99,lqozmp
388,782,1,ge1vxi
389,782,0.97,vzmcc2
390,788,0.89,vceaxx
391,782,0.89,y6w5ab
392,786,0.94,li2afr
393,779,0.92,ons0gh
394,785,0.99,m73sy7
395,778,0.95,k09wu5
396,780,0.98,fnh8zm
397,776,0.95,oq33wd
398,776,0.92,4v58b2
399,771,0.93,4f07rp
400,773,0.98,11izjc1
401,766,0.98,i4w86p
402,768,0.96,beoxx8
403,764,0.96,xmpv89
404,769,0.98,dgroou
405,767,0.97,ap4gzx
406,765,0.96,frgoje
407,768,0.96,8vbkti
408,765,0.99,excxlv
409,762,0.98,c4ylga
410,764,0.97,zubg2u
411,767,0.94,5y61bg
412,761,0.98,11un32i
413,756,0.98,zys7g5
414,763,0.91,donbz7
415,759,0.88,mimpre
416,754,0.96,ldvl72
417,759,0.98,uqo085
418,760,0.99,ejbwvb
419,754,0.96,kw9xk7
420,751,0.94,kagp2b
421,745,0.92,9f18t6
422,744,0.96,73n9pm
423,748,0.97,ps1ysk
424,750,0.96,kg2g11
425,743,0.97,m3boyo
426,740,0.97,v6sv06
427,743,0.96,s9zcyq
428,747,0.96,mxxnki
429,740,0.96,jig7pv
430,747,0.97,d2rym1
431,740,0.95,vbh2vx
432,736,0.97,11hscl1
433,738,0.94,zpraee
434,735,0.94,y7708w
435,741,0.98,jlef67
436,730,0.95,jtbr8c
437,731,0.97,99qkrk
438,736,0.98,oyhnzj
439,732,0.96,7ly5gi
440,735,0.95,tt3in6
441,726,0.98,s0uhca
442,728,0.97,oek26v
443,728,0.94,k2pd9n
444,723,0.98,ia8gc6
445,723,0.97,i0l5m9
446,725,0.97,j4avac
447,725,0.97,qsw47b
448,725,0.96,ebdhi6
449,723,0.93,10jd28b
450,718,0.97,ac6wsd
451,719,0.98,r79r9y
452,720,0.91,jboe91
453,722,0.94,aoacek
454,720,0.96,us2a9j
455,717,0.94,ssqt3h
456,718,0.98,rgykys
457,717,0.9,zfrynz
458,718,0.98,sivgoj
459,715,0.94,v0wjy2
460,715,0.97,jvwgq3
461,713,0.97,9vihdt
462,711,0.98,kvs1ex
463,709,0.95,6h6ao0
464,717,0.97,refiro
465,707,0.98,iwl0b9
466,713,0.99,e5qx5d
467,712,0.95,3s4qpm
468,716,0.97,j6gbxm
469,709,0.94,n3v93k
470,712,0.98,ci358m
471,704,0.98,iwo0d4
472,709,0.93,frd031
473,707,0.96,osapch
474,711,0.96,7c408f
475,705,0.96,713hnw
476,708,0.99,g61p08
477,707,0.98,qwqbxn
478,705,0.98,f29l4v
479,699,0.99,p19yur
480,697,0.98,11rc02e
481,696,0.98,d5mn4l
482,699,0.92,5b5ej8
483,702,0.97,nxyr25
484,697,0.97,mbhewa
485,696,0.98,hipozj
486,701,0.99,dlg1rf
487,700,0.97,kx0ies
488,692,0.94,89nzbm
489,692,0.98,j4jrln
490,692,0.95,10bkjdk
491,689,0.99,qlilnf
492,695,0.86,77m2k2
493,686,0.98,ntn1eg
494,688,0.94,33n77s
495,686,0.98,ncdy6m
496,692,0.89,11w03sy
497,683,0.96,gv3i57
498,684,0.96,p41hko
499,685,0.96,8hz8xy
500,687,0.98,najnjg
501,684,0.98,b63l98
502,684,0.98,s5grvj
503,686,0.98,ltjyr5
504,685,0.98,11uk8ti
505,683,0.92,sup40t
506,678,0.94,bo8a0c
507,682,0.98,wla15x
508,677,0.9,ntiv0z
509,676,0.98,fo5stq
510,680,0.99,xch39o
511,671,1,i8dw0j
512,674,0.95,ulvdgm
513,670,0.94,ohche1
514,672,0.98,qto1kr
515,667,0.99,mpe7le
516,670,0.98,ek5zwv
517,667,0.99,m71ijk
518,671,1,lvfua3
519,667,0.92,pdwxxz
520,671,0.83,ltkt9s
521,661,0.93,gonna8
522,662,0.88,869ml6
523,665,0.97,1169uzy
524,663,0.97,lvwt3l
525,666,0.94,i3o4fe
526,666,0.95,pizllt
527,660,0.96,8vgk3u
528,657,0.9,4casci
529,666,0.97,w2via6
530,663,0.98,11mzqxu
531,658,0.97,ql4e39
532,662,0.98,jpljoo
533,664,0.97,ecchg8
534,659,0.99,hhfqbl
535,661,0.96,7s1n5j
536,658,0.98,kod9ze
537,657,0.82,7jphff
538,656,0.96,10w6g7n
539,659,0.91,nmaguz
540,658,0.98,irauuz
541,663,0.98,a3gm3u
542,656,0.93,zfeh67
543,661,0.73,r6tfsb
544,659,0.96,l0kz3n
545,658,0.96,83ohd5
546,656,0.95,dkcspv
547,656,0.96,kqazpd
548,655,0.96,hecc72
549,653,0.95,p2wfp2
550,654,0.99,gz3oc4
551,653,0.92,vwcp5o
552,646,0.98,e9apif
553,650,0.97,x7hh75
554,651,0.99,gf9hrs
555,648,0.98,ipstlf
556,646,0.97,11rtzv6
557,644,0.81,ufvlfm
558,644,0.96,le2co0
559,643,0.98,sm96f5
560,638,0.9,igwruq
561,643,0.99,syjt0c
562,646,0.97,81050c
563,645,0.97,hwiams
564,639,0.97,d8nlqf
565,639,0.91,aqwcyx
566,640,0.95,8nl2ps
567,637,0.97,uo589a
568,639,0.89,cok47z
569,636,0.98,pigtg9
570,633,0.95,mdldtt
571,636,0.93,5ysono
572,640,0.98,h96nz8
573,636,0.97,ha6laa
574,639,0.96,gkw681
575,632,0.97,seufwd
576,634,0.96,izh8a7
577,630,0.89,52k3hp
578,630,0.89,11l5mg2
579,636,0.99,zht9og
580,630,0.95,wi05tg
581,633,0.99,reh9cv
582,634,0.98,hmqhpy
583,631,0.95,9zl84o
584,633,0.91,7mlwf4
585,631,0.98,obw2xc
586,627,0.98,o04ort
587,628,0.99,b3alkh
588,635,0.94,6go2n9
589,629,0.99,am1yeq
590,628,0.93,cp51po
591,628,0.96,7if6h1
592,628,0.94,6sndko
593,623,0.96,wec5hs
594,623,0.91,qhu09k
595,621,0.98,h8qhsg
596,624,0.98,er3ng8
597,626,0.95,edgai0
598,626,0.92,3a1ebc
599,615,0.92,jm0lhu
600,621,0.97,hpv0wm
601,624,0.97,dnmlyz
602,623,0.83,10kqhyh
603,622,0.97,tivnnb
604,617,0.98,ij9gxu
605,617,0.97,fpi8qf
606,620,0.98,f8b38r
607,616,0.99,e8ihnp
608,614,0.94,7htg5f
609,619,0.97,101t0vt
610,614,0.98,oaambv
611,615,0.98,lbr6qi
612,610,0.98,11awp4n
613,609,0.96,lpf8m6
614,614,0.97,bjl6r0
615,617,0.97,zgrkkr
616,612,0.99,kzr4mg
617,610,0.94,yp082p
618,612,0.93,cw39dx
619,613,0.95,a6lq4e
620,618,0.97,a0xfc2
621,610,0.99,q9phnq
622,609,0.96,pe9a2j
623,611,0.97,p8rcm3
624,609,0.96,okscnp
625,607,0.94,nkbqx6
626,616,0.97,mtev6w
627,617,0.98,8kifb0
628,609,0.98,kps6fl
629,610,0.98,s01us1
630,610,0.96,10nccbg
631,609,0.96,jg3vbh
632,607,0.95,budoyb
633,602,0.91,r1wcjt
634,604,0.99,oyi7a1
635,606,0.97,ny86g7
636,603,0.98,lch48m
637,603,0.95,vtzw0b
638,605,0.97,8er6c3
639,603,0.97,u5rnss
640,600,0.99,wtbt9d
641,596,0.98,rmue6j
642,603,0.96,ikbbsb
643,600,0.98,8t0l40
644,597,0.97,fh2rr6
645,601,0.95,tx132u
646,597,0.97,xgijzo
647,597,0.98,gqns9k
648,596,0.97,h7dtrq
649,597,0.95,11wxabh
650,594,0.89,49n2e5
651,593,0.93,ov3itd
652,590,0.95,lhhe8e
653,589,0.97,hte2kb
654,591,0.98,dn6xrr
655,589,0.8,fuyoai
656,591,0.94,8tq81f
657,592,0.96,8psghc
658,589,0.93,7780ok
659,593,0.99,jzol5g
660,586,0.98,p9aisc
661,594,0.97,bb9umg
662,594,0.97,od2csk
663,585,0.97,ed2pve
664,587,0.95,squ4oq
665,585,0.97,mm7w8r
666,583,0.98,dk9eq3
667,585,0.94,djju8a
668,583,0.96,6dg8ed
669,583,0.99,vl7iut
670,581,0.99,n62qhn
671,589,0.96,iyxz7o
672,585,0.98,imwl0z
673,582,0.98,pf9j9s
674,579,0.98,l417cm
675,579,0.96,hrawam
676,582,0.98,apwm0q
677,583,0.97,xqmj9q
678,584,0.8,t14ju7
679,574,0.9,ztbsf5
680,575,0.94,jpznqe
681,576,0.93,lej57x
682,580,0.93,a8ku09
683,571,0.97,11fbccz
684,574,0.97,iyxij1
685,579,0.93,upfigh
686,573,0.96,i1sp9q
687,567,0.96,xl9zc1
688,570,0.97,fhsxau
689,572,0.98,gjq1c1
690,568,0.79,ub045v
691,568,0.92,t45n67
692,575,0.96,ljkmr7
693,565,0.99,ew8oxq
694,570,0.98,gfq9kp
695,572,0.97,s6spou
696,567,0.99,yy11d8
697,564,0.99,fkg06u
698,567,0.9,8mgs8k
699,562,0.99,xvje2n
700,565,0.97,l0l0oc
701,560,0.98,o1mxqp
702,567,0.9,dsr6j5
703,564,0.96,6t58ks
704,561,0.87,40kh35
705,560,0.99,yik5ze
706,559,0.95,sbnq4f
707,559,0.98,dqf09j
708,562,0.85,wrqd26
709,563,0.96,z60wuh
710,556,0.96,rm6f7i
711,554,0.94,b9iyi6
712,557,0.96,dv5axp
713,557,0.94,y7ycxz
714,558,0.97,bufp91
715,554,0.94,zlobg8
716,555,0.98,ul49ej
717,560,0.98,skc72q
718,551,0.98,qaouds
719,552,0.98,j01y9u
720,555,0.97,zaqbwr
721,556,0.95,o7c0z7
722,550,0.95,8fzkwc
723,556,0.96,x2lsij
724,553,0.99,plgcpb
725,547,0.98,lpo2ih
726,548,0.92,ds1xvc
727,557,0.85,10rx6tv
728,545,0.98,vpwqn0
729,548,0.98,ezv3f2
730,543,0.97,qrbkc7
731,542,0.96,qd990q
732,547,0.95,jk9uy4
733,552,0.92,eak3ze
734,543,0.96,evdtm2
735,549,0.94,ea2gap
736,544,0.96,ourf92
737,550,0.94,joxdp4
738,549,0.99,98wrkw
739,541,0.95,732rxz
740,542,0.95,rjzooe
741,546,0.91,razsj2
742,544,0.96,f7cdwg
743,544,0.98,tzowos
744,545,0.98,tb0jm6
745,542,0.98,okz1j5
746,545,0.98,jyvog1
747,546,0.96,dc0a5f
748,537,0.98,kykfh0
749,542,0.9,kht9bd
750,541,0.98,43fl90
751,544,0.98,r8tsv6
752,544,0.92,nl58at
753,542,0.99,9lzabc
754,543,0.95,6c0cc4
755,543,0.89,rwu29s
756,537,0.96,d9a3o1
757,539,0.98,fy6tqq
758,534,0.95,f8wsyg
759,536,0.95,e2jj8b
760,537,0.96,dbgcvy
761,538,0.97,8b4vi0
762,536,0.96,3j295y
763,536,0.96,yav5gl
764,534,0.98,uhirub
765,540,0.97,v9of4r
766,537,0.94,gs23ks
767,542,0.97,fd43g9
768,537,0.98,c3e9qu
769,539,0.92,860311
770,540,0.95,42ymo8
771,537,0.89,k6467v
772,537,0.97,d3cage
773,537,0.97,b0rdsi
774,531,0.82,sdzkex
775,531,0.99,br8kt3
776,534,0.97,pd4jle
777,534,0.95,cgmptl
778,531,0.97,rga91a
779,530,0.95,iyhhgt
780,538,0.98,lnmzv2
781,535,0.98,98ulq8
782,537,0.96,82ed9v
783,531,0.96,81h5c9
784,537,0.98,10ivzyj
785,536,0.96,szluwh
786,535,0.96,mhh5zu
787,527,0.97,qkj2yo
788,533,0.97,11bwn2m
789,531,0.9,zby4e4
790,525,0.98,yhx3g3
791,530,0.98,co37ut
792,529,0.98,mc77r3
793,527,1,fhvho3
794,527,0.96,8u8ol7
795,531,0.95,7u2xsq
796,526,0.97,it44ix
797,532,0.96,bpriqx
798,523,0.98,fbkswv
799,526,0.98,f9obl9
800,529,0.98,bzygxl
801,526,0.95,ass30h
802,524,0.97,10azzbz
803,528,0.87,vtd6ln
804,525,0.95,kgttly
805,525,0.97,hzq8s8
806,521,0.9,h940xb
807,525,0.97,g18xad
808,528,0.97,e9rxcr
809,525,0.97,8z19gw
810,526,0.98,m5miai
811,521,0.97,xxmctx
812,525,0.98,9dcltp
813,520,0.99,khin4c
814,520,0.93,ch0qms
815,522,0.93,558yhx
816,522,0.9,4xgkoa
817,519,0.92,xk31n8
818,521,0.98,hnh10y
819,521,0.82,10gtruu
820,523,0.94,qwr4od
821,522,0.98,gb08da
822,519,0.99,z0pw8d
823,520,0.94,vfl57t
824,518,0.99,pzo9e1
825,516,0.97,og8pmh
826,516,0.98,cnvc3e
827,518,0.95,nw9zkt
828,519,0.98,m4fhfg
829,517,0.96,d8jheo
830,518,0.98,q0n0u7
831,511,0.99,flbqyp
832,515,0.96,4j0u2z
833,517,0.97,rr7cn2
834,513,0.98,qjn0vg
835,511,0.98,finjdz
836,516,0.96,fefsu4
837,516,0.96,ema1ba
838,518,0.97,dhh2qg
839,512,0.97,kww5nf
840,517,0.95,4hqwza
841,514,0.98,l432gk
842,514,0.97,uh5e2f
843,509,0.96,agiatj
844,509,0.97,10v75gc
845,515,0.94,r76igz
846,508,0.95,fuifr0
847,507,0.98,eq3da0
848,512,0.88,80rhvh
849,514,0.97,10st28f
850,510,0.95,vq24py
851,508,0.95,wfh1zy
852,509,0.97,puz9kw
853,506,0.96,102h06p
854,508,0.83,rtsmm7
855,510,0.97,r540ko
856,502,0.95,phvgzb
857,506,0.94,11okrni
858,506,0.99,yhe96t
859,505,0.94,x0o1nt
860,510,0.96,ra335f
861,504,0.97,rd3oby
862,507,0.95,plrrss
863,510,0.97,knai5q
864,502,0.92,10k528k
865,500,0.96,su5jia
866,499,0.89,k77sxz
867,505,0.93,hh5jy4
868,500,0.98,b3bhwm
869,503,0.98,snmtzn
870,498,0.97,lof6oa
871,497,0.88,j8gece
872,501,0.91,a8yllj
873,497,0.98,11h3p2x
874,499,0.89,sx9o1g
875,500,0.97,lgxtrm
876,498,0.97,gulkrs
877,502,0.96,b8pzss
878,501,0.97,vgmv86
879,500,0.98,dzkcaf
880,496,0.98,bglwhy
881,504,0.97,8yggag
882,498,0.98,zgoxwa
883,497,0.97,uq31ke
884,498,0.82,gp98rt
885,496,0.97,fedkoa
886,498,0.97,de5wam
887,502,0.98,9zw14f
888,501,0.98,g20x47
889,501,0.98,ckdnkf
890,496,0.99,iby0lm
891,490,0.98,gm80x2
892,498,0.97,fjr27e
893,492,0.91,e3buo3
894,495,0.98,bse25u
895,498,0.96,bdviis
896,499,0.96,8ns7vv
897,492,0.75,10pb1y3
898,493,0.97,u3jk05
899,499,0.97,ayd01o
900,498,0.98,yzw889
901,488,0.95,sonjst
902,494,0.98,r9hb9q
903,490,0.91,49snc2
904,486,0.97,f3v7l5
905,489,0.98,x2ro5v
906,493,0.96,6a97pt
907,490,0.98,nguua9
908,489,0.95,mqqnxj
909,488,0.96,47zxox
910,487,0.98,s4c6ob
911,488,0.98,m8ewph
912,493,0.97,lbr2fb
913,490,0.97,fn9414
914,487,0.97,m1vvmz
915,488,0.97,vjkssf
916,483,0.97,v9xme1
917,487,0.96,tvekdw
918,485,0.97,mzor46
919,486,0.93,49wrt4
920,490,0.99,11kzkla
921,483,0.91,wrxoua
922,485,0.97,rovtz1
923,485,0.96,mku08q
924,482,0.91,fzss9t
925,486,0.95,86ipxh
926,483,0.98,kf86zh
927,481,0.94,dp389c
928,483,0.97,7muyz2
929,480,0.98,10kdeex
930,480,0.97,obwojn
931,480,0.98,jgknop
932,480,0.92,6qvbu8
933,478,0.97,dw0ysp
934,484,0.9,bpz0s8
935,480,0.99,11l2ojh
936,480,0.94,lvuwf7
937,480,0.97,sx0e0w
938,482,0.91,n1wnp6
939,483,0.99,mle2rm
940,477,0.98,cbnftu
941,476,0.97,9h77lb
942,478,0.86,8d388w
943,473,0.97,wqrw8x
944,473,0.98,lu9gen
945,474,0.95,lqh9br
946,473,0.99,etdiz9
947,475,0.9,10eye8i
948,473,0.98,w18exh
949,479,0.97,sqra1n
950,475,0.93,phjecd
951,475,0.99,mdlnvy
952,473,0.97,hbzd5o
953,476,0.87,b7wir0
954,475,0.98,9q11l5
955,479,0.91,11k84qx
956,477,0.95,smeqbr
957,475,0.84,pkvt4n
958,474,0.98,o8x5uo
959,477,0.97,kk55ww
960,472,0.97,4eila2
961,472,0.99,117bptb
962,473,0.95,mj6i1c
963,478,0.96,frno4g
964,472,0.95,6jks9o
965,471,0.75,10m6kpq
966,474,0.98,xvhiml
967,468,0.97,tflvuy
968,476,0.96,nooiha
969,469,0.98,myurtx
970,477,0.96,kkgyag
971,466,0.84,k5ryva
972,472,0.95,j5da98
973,475,0.96,g48cu0
974,473,0.95,ct7t1d
975,468,0.96,wfzrdk
976,471,0.92,wcug1f
977,466,0.97,eb5s3l
978,473,0.99,cdhpip
979,471,0.97,9hrxqf
980,471,0.91,113m3ea
981,465,0.97,lmbipq
982,468,0.96,ip4lfv
983,470,0.98,odlf3k
984,472,0.89,g0iwnm
985,469,0.93,df6wlj
986,470,0.97,852rod
987,468,0.87,y388m8
988,465,0.99,vq2jgy
989,467,0.98,ss0vh9
990,468,0.97,jkv7lu
991,472,0.98,fgo70f
992,462,0.99,b5idqk
993,466,0.86,uakf25
994,467,0.96,q2wb8u
995,461,0.83,m5mub0
996,469,0.9,jgwqe8
997,464,0.97,fhveru
998,464,0.91,117zptg
999,467,0.92,l9d0dl
1000,466,0.94,51he15
1001,461,0.95,wwfjxf
1002,462,0.89,mhrpbm
1003,465,0.97,i1z83r
1004,467,0.96,a21d0q
1005,462,0.98,z0kx6c
1006,460,0.97,u9xbaa
1007,461,0.94,pe2bz9
1008,463,0.95,pa5oq8
1009,467,0.96,ei56c9
1010,465,0.95,do870r
1011,458,0.99,jkcuti
1012,460,0.98,d9jidd
1013,461,0.91,cnavt4
1014,460,0.95,aepol4
1015,459,0.96,10ix0l1
1016,457,0.99,g90nnb
1017,458,0.96,dw4a2c
1018,463,0.97,10rqe34
1019,456,0.97,ynz4m1
1020,463,0.96,8sue41
1021,464,0.97,8qgnlw
1022,459,0.93,zev449
1023,463,0.95,mwur7p
1024,459,0.96,j2x2wp
1025,451,0.96,xqhho8
1026,457,0.93,kmkppi
1027,455,0.98,jc1fp2
1028,459,0.99,ht26ec
1029,456,0.97,fewkop
1030,454,0.95,dw7sms
1031,452,0.95,c7p27w
1032,457,0.98,32ihpe
1033,455,0.92,fmg41r
1034,454,0.98,w9jl5m
1035,453,0.98,nauc4w
1036,453,0.94,etsnq4
1037,456,0.97,yem4k4
1038,451,0.94,ln2jnt
1039,448,0.98,gdbz0r
1040,456,0.97,gc2k2w
1041,450,0.98,anrams
1042,446,0.98,swh10r
1043,448,0.96,n6fgjw
1044,451,0.91,ju6uox
1045,451,0.91,116yrs4
1046,451,0.87,zycjcl
1047,452,0.98,ye8626
1048,451,0.99,lfevds
1049,446,0.97,gmy6p0
1050,453,0.9,dc4sh0
1051,448,0.94,ca5x7a
1052,452,0.96,71uxa5
1053,448,0.96,z52bsl
1054,448,0.94,k978cq
1055,447,0.95,5d5brx
1056,444,0.95,jmwrcr
1057,450,0.98,if77t3
1058,445,0.96,gtv2c9
1059,447,0.97,g8c7me
1060,450,0.96,63uvzq
1061,450,0.85,eg8mmn
1062,446,0.96,cjtmi8
1063,447,0.96,7n69h0
1064,445,0.96,104u2di
1065,450,0.96,mjkv5y
1066,448,0.96,buucku
1067,443,0.96,63f3uk
1068,445,0.92,11vq01a
1069,445,0.96,yfnbab
1070,444,0.95,l6bncg
1071,444,0.94,b4n4yf
1072,446,0.96,4b0cff
1073,447,0.97,jqdvt2
1074,442,0.95,6xvnwo
1075,443,0.97,11bfhx7
1076,442,0.98,re46xx
1077,446,0.91,jpnpm3
1078,441,0.95,bj388g
1079,444,0.93,j6a2f5
1080,436,0.85,mn8r7f
1081,441,0.93,85o6hu
1082,442,0.98,u59qv5
1083,442,0.96,h0jwoz
1084,443,0.99,dmww2b
1085,442,0.94,bok8bw
1086,439,0.93,76rt3z
1087,442,0.98,icsul3
1088,435,0.98,51sr9t
1089,436,0.97,gazkh7
1090,437,0.97,4o29jo
1091,439,0.99,t7te98
1092,440,0.94,dmggms
1093,433,0.95,7dd45h
1094,440,0.94,74gual
1095,439,0.97,puh45x
1096,436,0.95,jssmia
1097,432,0.96,d5nfjc
1098,439,0.96,9smwvx
1099,433,0.95,9ootuz
1100,429,0.97,t37al0
1101,434,0.98,lflos5
1102,433,0.97,ep8m3q
1103,430,0.82,dj5psh
1104,438,0.94,72l4oi
1105,430,0.96,rvwehk
1106,432,0.97,n959rr
1107,425,0.98,eeok6g
1108,431,0.98,aip7vu
1109,428,0.94,889w4g
1110,435,0.96,7uevb5
1111,431,0.93,3t6dah
1112,426,0.97,t3g209
1113,429,0.97,t04ekm
1114,431,0.85,lk8ad0
1115,436,0.96,k8yfc1
1116,428,0.92,60sier
1117,432,0.97,th4drh
1118,428,0.96,jaxr3z
1119,428,0.98,wv50uh
1120,430,0.92,upl33c
1121,428,0.97,odkdsv
1122,427,0.98,dq82x7
1123,429,0.98,adkjpo
1124,432,0.95,8jdglx
1125,424,0.94,x3lahr
1126,425,0.96,cfxpxy
1127,426,0.98,11krgp4
1128,421,0.96,o6ce13
1129,431,0.96,hnx1jn
1130,421,0.94,75aqpg
1131,420,0.85,11eje6h
1132,425,0.97,10qwqfp
1133,425,0.96,uwyfir
1134,423,0.99,ud6ujh
1135,428,0.98,t1cn0l
1136,427,0.96,o7twn2
1137,425,0.96,nig3h7
1138,429,0.98,lrkob9
1139,426,0.97,zr3xli
1140,422,0.85,srbvnc
1141,426,0.97,n5kuyz
1142,425,0.96,ajfpgt
1143,426,0.97,8bwyax
1144,419,0.91,qkf80v
1145,425,0.96,ppy7k4
1146,421,0.95,g9urkz
1147,424,0.98,cz1k82
1148,429,0.95,7nlzte
1149,424,0.93,101fixa
1150,423,0.96,zxab4m
1151,425,0.92,y3zv1u
1152,421,0.82,gmirks
1153,425,0.97,gc29zj
1154,422,0.95,ditivx
1155,420,0.98,b2oiaj
1156,425,0.97,84ry9f
1157,421,0.89,yr5wm1
1158,418,0.98,mmfwra
1159,421,0.96,iioqk0
1160,422,0.93,gdf9l5
1161,414,0.88,11gh1yv
1162,419,0.98,yli0r7
1163,419,0.95,xpe6bi
1164,421,0.95,tuf0vv
1165,420,0.98,ioq8do
1166,426,0.98,d5wqpz
1167,421,0.98,chc220
1168,422,0.96,4q238x
1169,415,0.92,rnpwik
1170,419,0.94,114ews9
1171,415,0.98,zwppsu
1172,416,0.97,xnjj69
1173,422,0.97,u8osxe
1174,418,0.94,kfaqxq
1175,412,0.96,c5is9e
1176,418,0.91,aujtrm
1177,413,0.91,4lf8n1
1178,419,0.98,4domnk
1179,419,0.95,10ed388
1180,413,0.98,lvk0vb
1181,414,0.88,k6icwu
1182,417,0.95,ee7xuq
1183,416,0.96,88h0g4
1184,421,0.98,nzlhdg
1185,415,0.95,l8lqaw
1186,413,0.97,im455m
1187,421,0.98,u3tipn
1188,419,0.97,bpbj97
1189,413,0.94,8703a9
1190,411,0.97,7d7ge0
1191,413,0.98,ve0a8c
1192,417,0.98,i9kztq
1193,414,0.98,hm97t8
1194,415,0.94,js2p7s
1195,412,0.97,j7xn30
1196,410,0.95,e10b5x
1197,409,0.88,va0p9u
1198,412,0.97,jg475u
1199,406,0.98,iw685b
1200,406,0.91,6y5jo8
1201,412,0.94,vazit6
1202,410,0.78,tvp0nd
1203,409,0.98,o9j73e
1204,411,0.95,skjjvm
1205,411,0.93,qgz39z
1206,404,0.99,lovhs0
1207,413,0.96,hsv8p2
1208,415,0.93,grvwzg
1209,410,0.97,bl7abw
1210,412,0.98,w44lkv
1211,407,0.97,ly6c97
1212,414,0.75,km0rcz
1213,412,0.98,kd7ojr
1214,411,0.94,fpmzbt
1215,406,0.99,fc3g5h
1216,405,0.94,c2pfgb
1217,408,0.94,tpo3cw
1218,407,0.95,shtsnt
1219,413,0.97,nekuuc
1220,404,0.95,mhvr1h
1221,404,0.98,76xjb5
1222,408,0.97,gwibmc
1223,405,0.97,9atwri
1224,404,0.92,ybomx8
1225,400,0.97,oty0jb
1226,400,0.98,ok5xpq
1227,402,0.96,l7q12x
1228,409,0.97,juogvw
1229,408,0.91,g5ali0
1230,411,0.98,d7p4gy
1231,405,0.96,bhb4ds
1232,409,0.97,agsfzo
1233,408,0.93,6d9tmp
1234,407,0.92,11949lo
1235,408,0.97,xw6r5k
1236,403,0.97,jo50ip
1237,402,0.93,9tis06
1238,406,0.94,6nnmdy
1239,408,0.84,65ukie
1240,401,0.95,ykxr4v
1241,405,0.96,w8hgw4
1242,407,0.97,mu9sfn
1243,397,0.98,auvj3q
1244,400,0.93,x1zh3d
1245,404,0.93,p68a2t
1246,397,0.9,oopy0s
1247,398,0.95,faahsp
1248,400,0.97,105v7el
1249,401,0.97,thktpz
1250,397,0.97,qt10az
1251,405,0.93,fh1dg7
1252,403,0.98,apq4xu
1253,404,0.93,7v6729
1254,401,0.94,10fv6hv
1255,396,0.92,wglzl5
1256,395,0.98,w76j5j
1257,394,0.98,n0zxey
1258,396,0.97,mf1xsu
1259,397,0.98,dg0a5i
1260,397,0.97,aodpek
1261,401,0.97,liiqxr
1262,403,0.97,dcy2ar
1263,403,0.97,c1vxoc
1264,397,0.98,9duq0l
1265,404,0.97,yu5ch3
1266,397,0.97,y4eehd
1267,404,0.98,u3pgon
1268,398,0.99,pjmox8
1269,399,0.96,l4zbd9
1270,398,0.98,ckptcz
1271,401,0.96,8drm8e
1272,396,0.95,7x8ve2
1273,399,0.89,1095os9
1274,400,0.92,v8qv68
1275,393,0.97,p59pzp
1276,397,0.94,jqni6e
1277,399,0.98,jnfduu
1278,394,0.96,je0ojx
1279,398,0.93,gvlcie
1280,396,0.98,erx7d2
1281,397,0.97,89i9h8
1282,394,0.91,11m00fv
1283,395,0.97,j9qaqi
1284,398,0.9,aoap2e
1285,397,0.94,808j84
1286,395,0.96,y5h8i4
1287,393,0.99,txqkin
1288,395,0.98,tdd889
1289,396,0.97,gvsh51
1290,394,0.96,cbz7lg
1291,391,0.92,abj1mc
1292,397,0.95,60hy0t
1293,393,0.9,sax1nf
1294,394,0.97,lrroom
1295,391,0.96,afb8j0
1296,396,0.93,6iib9r
1297,399,0.96,rgyy8m
1298,397,0.94,muqo6t
1299,391,0.96,lwwe9l
1300,391,0.95,6rj9r4
1301,387,0.97,z1pk16
1302,397,0.98,vs2mlc
1303,395,0.97,pffoo8
1304,393,0.96,mwwftu
1305,390,0.95,mqhujp
1306,390,0.98,ji7y06
1307,395,0.97,ijfrip
1308,392,0.95,gqdq2o
1309,395,0.96,fq2k7w
1310,393,0.96,8cram8
1311,396,0.92,7a9ye7
1312,390,0.98,404r9m
1313,395,0.98,25lnbt
1314,390,0.94,vjpew4
1315,389,0.94,agfl8l
1316,388,0.96,11t3t3v
1317,386,0.81,om3ft2
1318,395,0.98,kv8hpb
1319,389,0.94,j7aeyf
1320,386,0.96,g8vjx3
1321,385,0.95,ewclwr
1322,391,0.94,7z3vvb
1323,385,0.97,yn1n7c
1324,390,0.96,x334d8
1325,386,0.94,syt2kd
1326,385,0.97,kd23vg
1327,394,0.98,ju2em0
1328,390,0.98,hlguz6
1329,388,0.98,a388nw
1330,393,0.95,8u0ae1
1331,387,0.98,xyq1ba
1332,386,0.98,qq21s6
1333,389,0.97,f0xhq7
1334,390,0.97,9xng01
1335,384,0.97,1194wm0
1336,386,0.97,z36n5j
1337,390,0.98,w2dab2
1338,392,0.95,tonfky
1339,391,0.95,pq64fk
1340,387,0.73,vl7qjf
1341,386,0.94,oqi23r
1342,390,0.96,o2emfe
1343,386,0.98,i4z7on
1344,384,0.95,11sattj
1345,389,0.91,vglzjw
1346,382,0.96,tc8p70
1347,391,0.97,nlmlbg
1348,379,0.99,nino7x
1349,382,0.92,8le7ew
1350,386,0.98,m0ew90
1351,379,0.87,j6uqn9
1352,387,0.98,amjiyj
1353,385,0.92,82mqtw
1354,383,0.8,56ibog
1355,385,0.97,10vynlk
1356,382,0.97,xogglw
1357,385,0.95,mgf9tf
1358,383,0.93,jrk2ld
1359,386,0.94,j63bhb
1360,384,0.98,iy8njt
1361,381,0.99,icvypl
1362,386,0.98,ft5nsy
1363,384,0.97,c950ob
1364,381,0.84,114hphp
1365,379,0.93,111dvia
1366,383,0.96,oz7xab
1367,386,0.98,na5kg7
1368,377,0.98,gx5iww
1369,388,0.97,gwrmf9
1370,387,0.99,entqie
1371,385,0.92,83mkrz
1372,384,0.9,4a7pfx
1373,383,0.98,2lmo0l
1374,378,0.97,11cf8mk
1375,381,0.98,tyuoh8
1376,376,0.98,p9a67f
1377,381,0.91,ezh50g
1378,380,0.93,5e59bj
1379,382,0.95,10lxgic
1380,380,0.98,9lprhw
1381,376,0.96,79ghfo
1382,379,0.94,6w5zyo
1383,382,0.95,4j7ft5
1384,375,0.98,ujmhtt
1385,379,0.93,nqnrs6
1386,381,0.98,hgufqx
1387,379,0.92,11pjem9
1388,379,0.96,11jyrfj
1389,378,0.97,spncfr
1390,376,0.97,kzxuhs
1391,383,0.97,7ghmn8
1392,381,0.94,6bo3mk
1393,379,0.95,msc85z
1394,376,0.98,baavxj
1395,376,0.96,7vhmp7
1396,382,0.96,hib1hd
1397,377,0.98,d0vxrs
1398,374,0.97,zrtzf4
1399,378,0.99,vlpi4u
1400,379,0.94,n9aj13
1401,379,0.93,doritf
1402,375,0.91,1114q7e
1403,378,0.94,vgccpb
1404,371,0.75,og48q2
1405,369,0.99,nsf633
1406,374,0.96,kkbycj
1407,373,0.96,kdne06
1408,372,0.96,d4l9ew
1409,371,0.97,4ceuy5
1410,377,0.98,3eu2rv
1411,377,0.95,otbote
1412,370,0.97,o3z63e
1413,373,0.94,m92kyo
1414,378,0.97,j4xmht
1415,373,0.95,6ubaf2
1416,367,0.97,p0e2zb
1417,366,0.98,zk6h8q
1418,371,0.97,xrm9q2
1419,373,0.92,sjn4fl
1420,365,0.96,mgczg1
1421,366,0.95,iap6yo
1422,370,0.97,bvbg4p
1423,375,0.92,b6wgmo
1424,371,0.95,6vplgr
1425,368,0.96,6gi8lw
1426,375,0.9,527yoi
1427,373,0.95,jwn2po
1428,371,0.95,hr0a91
1429,367,0.93,hmc9t4
1430,371,0.96,fhl55t
1431,371,0.94,zetvmd
1432,363,0.99,a443fo
1433,371,0.93,5jg7b8
1434,371,0.99,11c8pqz
1435,370,0.93,vuw77a
1436,362,0.98,pdbpmg
1437,366,0.96,kb3qor
1438,371,0.94,9p9ccz
1439,371,0.91,7h8f75
1440,366,0.91,4ur821
1441,370,0.97,stikil
1442,361,0.97,8h2wzn
1443,364,0.93,8acsrf
1444,363,0.95,6gt2j0
1445,364,0.9,6ct31x
1446,364,0.98,z1yt45
1447,366,0.97,nxi5db
1448,365,0.98,ilvkyi
1449,364,0.97,ibrlvt
1450,371,0.97,g5ke91
1451,369,0.96,fqs1l7
1452,368,0.96,8lduw7
1453,369,0.97,7bfa99
1454,367,0.96,665flm
1455,369,0.96,4oynwy
1456,365,0.95,4007ma
1457,365,0.93,10ueevu
1458,360,0.96,vtcrej
1459,365,0.98,lgrnyb
1460,362,0.96,gh3v0q
1461,363,0.98,fieuqo
1462,362,0.97,db8c4u
1463,361,0.93,108ssxs
1464,359,0.93,xupiia
1465,364,0.97,pvyvet
1466,370,0.91,m7tfva
1467,367,0.97,ioa9za
1468,361,0.96,7v0bcb
1469,364,0.96,3wzmkx
1470,361,0.97,xwfvlw
1471,360,0.96,vvqcjy
1472,364,0.95,s36btr
1473,364,0.89,po9qpo
1474,364,0.97,leh0ve
1475,362,0.93,f5immz
1476,361,0.99,ydqmjp
1477,357,0.88,xlvr0l
1478,362,0.94,wgvacf
1479,357,0.96,kisjbm
1480,362,0.9,6u2mz1
1481,363,0.95,10r0zjq
1482,360,0.96,vmi13r
1483,363,0.98,umq908
1484,360,0.99,tgd8ce
1485,359,0.94,rdei6k
1486,360,0.89,eydygk
1487,359,0.94,dizbcz
1488,357,0.89,9symfk
1489,363,0.96,8xqcz3
1490,364,0.9,84kgiy
1491,359,0.94,7wtnxv
1492,354,0.98,11pzoa2
1493,357,0.97,td6j8r
1494,361,0.89,npzqks
1495,363,0.93,hbxj93
1496,361,0.96,gb4rdb
1497,356,0.98,11qfcwb
1498,362,0.97,sx3z67
1499,363,0.98,nwqc8o
1500,363,0.95,hrnsvu
1501,357,0.98,chn48w
1502,363,0.98,boytzs
1503,358,0.98,zy8c99
1504,352,0.95,zm3gac
1505,362,0.97,zglp4k
1506,352,0.96,yw6s1i
1507,353,0.98,neylas
1508,354,0.9,mloj16
1509,360,0.98,e1k092
1510,358,0.97,cpvssu
1511,356,0.87,cdsnm2
1512,359,0.96,11v6bvv
1513,358,0.92,10qjb16
1514,358,0.97,tb2gi0
1515,358,0.98,p0ec0u
1516,356,0.96,mi0wst
1517,357,0.99,nzhzxq
1518,360,0.97,fmxjxg
1519,357,0.96,xypfy4
1520,358,0.96,xwztb9
1521,360,0.7,u17ot0
1522,357,0.96,qc6nok
1523,352,0.96,j1xlcm
1524,353,0.95,f67y60
1525,354,0.99,bhmr4q
1526,354,0.97,akquw3
1527,352,0.95,86s1rl
1528,354,0.96,7qm31p
1529,355,0.97,7ad4ws
1530,353,0.92,4cv9ef
1531,352,0.96,47p56t
1532,352,0.94,xagho6
1533,351,0.93,t3kc6i
1534,352,0.97,h7kr40
1535,356,0.98,d43bil
1536,356,0.98,v1u7ci
1537,353,0.95,j97s27
1538,354,0.96,g1vku4
1539,348,0.98,f2pbvz
1540,354,0.98,eu4ibo
1541,352,0.96,wzmokl
1542,354,0.97,v4529a
1543,354,0.98,nj9rgq
1544,355,0.99,i8mqc1
1545,349,0.95,i2jogq
1546,350,0.96,i2bvrr
1547,355,0.99,c6gs1q
1548,349,0.94,11su1tj
1549,348,0.97,ud513g
1550,355,0.99,rwwjal
1551,350,0.97,n8ezvx
1552,349,0.97,fvq3n6
1553,349,0.94,7hys85
1554,349,0.92,113zwx8
1555,349,0.95,ygj11f
1556,352,0.94,xci5e7
1557,356,0.95,liyq60
1558,347,0.82,cl75du
1559,352,0.93,zuysnq
1560,348,0.96,vmx1k2
1561,344,0.87,vb1oj4
1562,348,0.98,rbue4h
1563,346,0.94,m4you5
1564,350,0.96,lsbb03
1565,351,0.97,ie2bti
1566,348,0.87,800sfw
1567,352,0.93,6frfb5
1568,349,0.98,rv2j9k
1569,343,0.96,opj8g0
1570,347,0.97,kqm5pn
1571,345,0.99,cmwina
1572,350,0.95,zstequ
1573,348,0.91,vmg0j7
1574,347,0.99,ucpg0u
1575,344,0.97,pyfjz7
1576,348,0.99,ngls7t
1577,352,0.97,l5feqt
1578,349,0.93,j5himo
1579,351,0.97,i49jf8
1580,350,0.92,gsu3zm
1581,348,0.96,f1tuv0
1582,348,0.97,8f9dvm
1583,346,0.97,10ddg8j
1584,344,0.89,sxaiq8
1585,341,0.97,qhoxz3
1586,350,0.95,ghrjfs
1587,349,0.98,dn5uxq
1588,345,0.94,9a7usg
1589,348,0.94,8bd70m
1590,346,0.9,6pnjqn
1591,342,0.92,ul473b
1592,346,0.99,q4p3lf
1593,341,0.94,cn8y01
1594,342,0.96,bjxlqf
1595,346,0.98,b87kko
1596,346,0.95,7f42ut
1597,341,0.96,11e4w40
1598,341,0.95,ksjfar
1599,346,0.97,iuc2yg
1600,348,0.97,bhenys
1601,339,0.97,axdirb
1602,342,0.95,8lm5f0
1603,341,0.96,7swxm5
1604,341,0.96,118c8pp
1605,340,0.97,imew49
1606,339,0.97,hqfvp4
1607,338,0.98,f8uphl
1608,343,0.97,c22u9s
1609,342,0.96,7d6dkw
1610,343,0.97,vjur74
1611,339,0.96,te1lyi
1612,344,0.98,ryw53x
1613,339,0.96,obbwol
1614,339,0.98,n9fti7
1615,345,0.95,mgzvt2
1616,341,0.98,evxq2v
1617,337,0.97,ehiiew
1618,345,0.98,drj12t
1619,343,0.92,da2cna
1620,340,0.96,d38okq
1621,345,0.94,7nesz7
1622,341,0.98,11dje8t
1623,342,0.95,x4204j
1624,343,0.96,wa96rw
1625,337,0.99,ua867s
1626,339,0.94,pgitms
1627,341,0.94,mmuyph
1628,342,0.66,g766dj
1629,341,0.99,fnli8n
1630,337,0.99,evsaoa
1631,341,0.96,a34ner
1632,343,0.96,8id4ym
1633,341,0.99,qb8q56
1634,338,0.98,hhv5xr
1635,344,0.97,cf9giw
1636,345,0.96,bezjso
1637,339,0.95,y2f682
1638,338,0.97,oy2vfu
1639,339,0.97,m6etro
1640,334,0.98,m13oyv
1641,337,0.88,fx3aw2
1642,339,0.96,cn6s4k
1643,342,0.97,8sq0jy
1644,342,0.93,rvj7qq
1645,343,0.96,rp9k4v
1646,336,0.96,o6wggh
1647,333,0.98,lwysts
1648,339,0.89,l5zkyc
1649,338,0.96,i4ko0u
1650,339,0.97,8ay4u6
1651,335,0.95,51qhc8
1652,340,0.91,4a33ll
1653,334,0.97,zbb9l9
1654,340,0.97,x89x48
1655,334,0.97,wsk2lg
1656,337,0.91,o6hkt8
1657,337,0.98,jiich1
1658,336,0.97,gg1tq9
1659,338,0.88,g9gs5j
1660,331,0.98,f4gi80
1661,337,0.97,b3zlha
1662,335,0.94,7zgosq
1663,336,0.97,10v018i
1664,337,0.99,suj00s
1665,338,0.94,s1u92t
1666,337,0.96,p7xy09
1667,334,0.98,mspnso
1668,331,0.98,j6wzut
1669,335,0.98,enfsk1
1670,331,0.91,ei5d20
1671,342,0.96,7bxdyv
1672,329,0.94,4thexz
1673,333,0.98,i7abgt
1674,338,0.96,b32lve
1675,331,0.93,9aqvj9
1676,334,0.86,7zbd51
1677,331,0.97,7x3nm0
1678,340,0.95,6wle45
1679,331,0.98,11tmpc5
1680,331,0.94,z82bry
1681,335,0.98,y0iu5w
1682,335,0.98,xch8m7
1683,334,0.97,ldchgb
1684,331,0.94,j8fs4r
1685,329,0.98,hnam46
1686,338,0.97,g0eddo
1687,329,0.94,9jhhet
1688,330,0.94,5dgoo6
1689,331,0.94,yt4380
1690,334,0.97,uc2lqr
1691,334,0.95,ls9c1r
1692,336,0.95,la7o0q
1693,335,0.98,kcbk5u
1694,339,0.98,bghg67
1695,329,0.83,wo2mgw
1696,333,0.99,oi10tx
1697,337,0.8,m16lqf
1698,333,0.94,k35vau
1699,331,0.98,g5zmg0
1700,331,0.96,dpbper
1701,330,0.93,cqw180
1702,332,0.97,cgbzos
1703,329,0.96,8ftpmo
1704,330,0.84,uosqgm
1705,334,0.97,n4q4bp
1706,331,0.97,ldyd95
1707,336,0.95,cxxjjg
1708,325,0.87,c8eby2
1709,332,0.96,b9prd1
1710,333,0.96,b7p3uv
1711,328,0.95,ykyte6
1712,328,0.97,jtkawv
1713,326,0.98,ebkmfj
1714,330,0.96,a8p7tg
1715,331,0.99,8jneyb
1716,329,0.94,58iv06
1717,330,0.94,10fji8b
1718,328,0.95,wfkz9p
1719,331,0.94,t2m8mc
1720,330,0.96,ma18lb
1721,330,0.91,kxgqbp
1722,326,0.97,gy92pt
1723,331,0.98,bjbrju
1724,332,0.95,9iqcr3
1725,326,0.97,8wj1nr
1726,325,0.97,8gll9t
1727,328,0.97,ylz2wh
1728,328,0.96,xm8osk
1729,326,0.99,v1p2s9
1730,331,0.93,rvn3dh
1731,325,0.96,pvgpfl
1732,327,0.97,m6eoru
1733,325,0.89,fauraj
1734,325,0.85,ck8rm0
1735,331,0.99,cjbr09
1736,333,0.99,a9wkhe
1737,326,0.93,7jyqha
1738,326,0.98,qore0i
1739,324,0.96,ozuphh
1740,323,0.96,la5jw3
1741,331,0.98,ky034n
1742,325,0.97,huqpzl
1743,328,0.97,ggojki
1744,330,0.96,80nrgy
1745,326,0.94,7la1ez
1746,324,0.93,6upvf2
1747,331,0.94,5cqdh5
1748,320,0.93,jnpvm6
1749,330,0.94,g8250o
1750,324,0.97,3m78k1
1751,323,0.95,fjo3at
1752,326,0.97,6q1y7b
1753,325,0.91,118fn48
1754,323,0.98,h01j32
1755,320,0.97,uo8fdh
1756,319,0.96,ns5lwu
1757,320,0.95,n04ga6
1758,318,0.99,ugkpm0
1759,319,0.96,rztoqy
1760,320,0.92,fcj5jo
1761,318,0.94,t8s2aj
1762,322,0.95,ej5yux
1763,325,0.99,a5v1ba
1764,321,0.9,lzxljm
1765,319,0.91,a6raiw
1766,317,0.91,s548as
1767,320,0.97,oqtknd
1768,318,0.97,l76fr9
1769,318,0.98,fv9yja
1770,320,0.98,dglmy6
1771,317,0.98,nj9s57
1772,318,0.98,mazvd0
1773,316,0.94,u8to9z
1774,320,0.88,qqynka
1775,321,0.98,o5rrl7
1776,312,0.95,jvoc3m
1777,321,0.98,fkb2nh
1778,317,0.96,epyd9j
1779,315,0.97,koxnho
1780,310,0.96,8155ed
1781,316,0.93,vz35dq
1782,316,0.99,idxern
1783,314,0.98,hsb1u4
1784,317,0.96,gczle5
1785,315,0.99,feopi4
1786,310,0.98,10irkzg
1787,318,0.99,eleuz9
1788,315,0.95,anpsfh
1789,311,0.97,qxugtt
1790,314,0.94,sxtppd
1791,310,0.94,tfee1l
1792,317,0.96,dlzps3
1793,306,0.92,xhzse8
1794,313,0.94,lngmug
1795,307,0.99,adxkbc
1796,307,0.87,zcizwb
1797,304,0.95,q4stma
1798,306,0.98,g5nqks
1799,305,0.88,bj1edt
1800,305,0.96,s4ukul
1801,304,0.96,wovvxr
1802,306,0.99,tbve7a
1803,307,0.88,t4ye1o
1804,310,0.94,ryzzbr
1805,307,0.96,gu2raf
1806,306,0.96,e2sl1n
1807,302,0.96,afylz4
1808,306,0.98,na14rx
1809,306,0.96,mlfy02
1810,303,0.95,85ojon
1811,301,0.96,yk6433
1812,301,0.97,qay8qu
1813,304,0.98,113dy5z
1814,306,0.97,libpdr
1815,301,0.96,82e48t
1816,301,0.96,9jdgrt
1817,302,0.99,emh84k
1818,303,0.93,dfix5q
1819,298,0.93,aj6ohk
1820,299,0.95,11j7kce
1821,297,0.97,11br45w
1822,300,0.96,vjy4g2
1823,303,0.97,kpg065
1824,299,0.96,j05go5
1825,299,0.97,idapmz
1826,300,0.96,cldkql
1827,299,0.96,7ro5ft
1828,295,0.95,wj7cp9
1829,300,0.98,pu1y72
1830,302,0.98,moaujx
1831,299,0.97,ful3b9
1832,300,0.97,pkwbkq
1833,298,0.9,8neyfp
1834,297,0.98,yguaz0
1835,297,0.96,mybsz6
1836,296,0.92,deonyl
1837,298,0.97,c2plca
1838,299,0.97,air0nf
1839,294,0.98,7qu8q7
1840,297,0.97,113vb1u
1841,296,0.91,v7ti75
1842,294,0.97,sviwma
1843,292,0.95,qnie0r
1844,298,0.98,11jzh88
1845,295,0.96,yex3pq
1846,295,0.93,ufo2an
1847,292,0.98,rjat6u
1848,297,0.98,kf2j1l
1849,296,0.92,t0n3iz
1850,299,0.85,qo4cni
1851,294,0.99,ecg6bx
1852,291,0.95,111h9pp
1853,297,0.87,10tnpsw
1854,297,0.89,1027spa
1855,289,0.94,11vn3fi
1856,292,0.99,yurlp6
1857,291,0.98,qmpown
1858,289,0.98,u9tidn
1859,291,0.82,fpcltw
1860,288,0.96,11vd31k
1861,293,0.98,zcgabn
1862,286,0.94,ynwpg0
1863,288,0.97,nwww2s
1864,286,0.94,mnsqrl
1865,285,0.95,m7n4ur
1866,291,0.92,il4rer
1867,290,0.97,gnpe2e
1868,287,0.97,uh548a
1869,288,0.97,on0k0c
1870,289,0.97,hwiir9
1871,289,0.96,hpc6vz
1872,286,0.95,gthgfw
1873,290,0.93,abplzh
1874,284,0.92,11qrs41
1875,286,0.97,qf71zf
1876,285,0.89,ywg9ur
1877,285,0.95,q8phlx
1878,281,0.96,ptlrx4
1879,284,0.91,nobqjn
1880,285,0.95,k5y56t
1881,282,0.97,zkj8kn
1882,283,0.96,uyd7c0
1883,284,0.95,j7u6lk
1884,283,0.93,hd3tqs
1885,287,0.91,egtwll
1886,282,0.98,ayapts
1887,280,0.96,ame313
1888,284,0.94,vsuxyx
1889,281,0.99,umhmcc
1890,280,0.96,8ogaot
1891,280,0.94,x5kt1h
1892,276,0.89,10nmite
1893,278,0.98,k9yb7t
1894,279,0.91,xgigfk
1895,280,0.89,o8ajso
1896,279,0.97,nkz602
1897,276,0.96,c1q179
1898,274,0.98,vx7mx0
1899,274,0.96,q75ce8
1900,277,0.98,lrhcex
1901,278,0.98,hul2yf
1902,278,0.96,v3jucz
1903,279,0.97,pjk15p
1904,279,0.94,khw36m
1905,278,0.96,gpwpgw
1906,277,0.99,gezcd5
1907,279,0.98,cpos7l
1908,277,0.97,zq30tn
1909,273,0.95,vphqto
1910,278,0.98,9psua7
1911,276,0.98,rs0yuj
1912,277,0.89,k97vvn
1913,279,0.85,hg4fzc
1914,274,0.9,fhf63o
1915,270,0.98,10sxasc
1916,274,0.83,10a7kq4
1917,271,0.95,lxh7ds
1918,271,0.97,gw8z13
1919,273,0.94,d8vbxd
1920,269,0.82,xy6x8p
1921,271,0.98,wajjgn
1922,277,0.98,ojobxx
1923,275,0.99,96pkz2
1924,275,0.83,z7c4tk
1925,273,0.9,u2lmit
1926,270,0.98,qikz6c
1927,271,0.96,qgamnj
1928,274,0.99,11rfevl
1929,272,0.95,uorog9
1930,270,0.99,ukyp2a
1931,271,0.94,uijkjy
1932,269,0.96,ri6sa6
1933,270,0.95,qt2cwm
1934,274,0.96,kqwj06
1935,270,0.98,gr8jz1
1936,272,0.92,zejzzs
1937,269,0.97,u5ebtl
1938,271,0.88,qvkuc4
1939,271,0.97,ni0b8j
1940,269,0.98,n7vzf6
1941,271,0.98,ibi9d2
1942,268,0.98,gnetpw
1943,268,0.98,auj866
1944,268,0.95,x091cq
1945,270,0.94,r3iad6
1946,266,0.98,htynsr
1947,266,0.95,aqy8jm
1948,267,0.79,1174kud
1949,270,0.95,v183x2
1950,266,0.91,u48bhx
1951,268,0.99,n4ow09
1952,266,0.9,mq12kk
1953,266,0.98,i9tapi
1954,270,0.96,gpvq28
1955,265,0.93,rvya1w
1956,267,0.97,nmb3ff
1957,270,0.93,9xxm3w
1958,267,0.98,8u489i
1959,265,0.97,z6mot6
1960,265,0.98,t88gqh
1961,263,0.98,s46geh
1962,265,0.91,ziaddd
1963,262,0.96,v4u6e4
1964,266,0.87,o0neg0
1965,261,0.96,11g5qxm
1966,259,0.96,vyv3rk
1967,261,0.96,pyhxk7
1968,266,0.98,owyw1i
1969,263,0.96,m9w70f
1970,259,0.9,m86joz
1971,260,0.93,d5dvju
1972,262,0.95,8esr8w
1973,259,0.89,wxoxxe
1974,259,0.95,f0j6ih
1975,260,0.97,vvouan
1976,259,0.95,t74kwz
1977,258,0.97,rv1tpg
1978,256,0.98,ce82l6
1979,260,0.98,8x4x1x
1980,261,0.93,yvfckv
1981,259,0.9,yqo47z
1982,261,0.99,titghx
1983,258,0.97,sfgdvs
1984,260,0.97,lluq7m
1985,261,0.94,dymkdj
1986,262,0.97,qqs6w1
1987,257,0.96,pep4bx
1988,256,0.96,hvc6qs
1989,259,0.97,8fzub0
1990,257,0.97,66af1z
1991,255,0.84,zaqml0
1992,258,0.94,guuer4
1993,254,0.98,bphghz
1994,257,0.98,b2gzo2
1995,257,0.81,wbh0rm
1996,256,0.92,nr9b9x
1997,259,0.99,jlhqq4
1998,258,0.99,i48b5q
1999,255,0.93,gbmv7s
2000,254,0.91,pqstl0
2001,256,0.98,f20hwt
2002,254,0.99,x5bfbt
2003,252,0.95,w4dg8w
2004,253,0.95,thmhtf
2005,255,0.95,d9ou35
2006,256,0.98,bzda9p
2007,254,0.95,ysb12p
2008,251,0.98,udruxf
2009,249,0.93,11u3l9h
2010,250,0.94,11i7eq9
2011,252,0.97,10soqdd
2012,249,0.96,u24lh7
2013,250,0.99,klvb55
2014,252,0.98,hnt2kk
2015,252,0.99,gj92hg
2016,251,0.86,c5wsfe
2017,253,0.95,89jwg8
2018,249,1,wk51bf
2019,250,0.9,s8qjvv
2020,251,0.84,kxcta6
2021,252,0.97,coeide
2022,247,0.95,wamht5
2023,248,0.96,urilom
2024,251,0.97,te4ght
2025,248,0.98,r8z00s
2026,253,0.95,p5mzc3
2027,248,0.98,mf2j49
2028,250,0.95,gvyo43
2029,250,0.99,6i91sh
2030,251,0.99,2tmzyf
2031,249,0.96,vixbr1
2032,253,0.94,t7shgc
2033,247,0.96,s2cyt2
2034,252,0.89,riup34
2035,253,0.97,puicgj
2036,246,0.98,of4eeu
2037,247,0.96,o71l8m
2038,252,0.98,kzj0mp
2039,250,0.94,kn1qpe
2040,247,0.96,k59xar
2041,245,0.93,jsghi7
2042,250,0.91,ijefam
2043,248,0.95,kjo6qo
2044,247,0.98,i94fu6
2045,245,0.97,8jlfhy
2046,250,0.89,11rvzgg
2047,247,0.99,yyveqh
2048,248,0.96,t42nl0
2049,249,0.98,rdmmcd
2050,247,0.96,9qdk0w
2051,250,0.98,8wmgu3
2052,249,0.86,xjl1f6
2053,246,0.92,wawec9
2054,245,0.9,rklxmb
2055,243,0.95,kkxe2o
2056,246,0.99,k0q57m
2057,246,0.96,gap9nc
2058,247,0.98,ffbpwv
2059,247,0.98,b4gkat
2060,243,0.93,10l4uv9
2061,245,0.97,yrn76f
2062,244,0.93,ya09sq
2063,243,0.98,wtvjc0
2064,243,0.67,r2m8j9
2065,245,0.98,o3l9o0
2066,247,0.98,jjbdfm
2067,243,0.98,9us4hb
2068,247,0.95,9plu6q
2069,245,0.89,rqdlmi
2070,244,0.76,jnbkx3
2071,242,0.96,hl4crd
2072,246,0.94,r0pih6
2073,244,0.95,o2cr6e
2074,247,0.98,btv4lz
2075,240,0.94,vwf3sz
2076,242,0.91,stfgds
2077,246,0.95,q6lpsy
2078,242,0.96,mrwzkq
2079,245,0.98,gxo6tk
2080,242,0.95,fkqtb1
2081,242,0.96,dmoht4
2082,245,0.99,bk6z4h
2083,241,0.93,axc5n8
2084,239,0.99,an1xn9
2085,243,0.94,10bwrko
2086,240,0.96,rck4mf
2087,243,0.95,kb3bjv
2088,242,0.94,i30dz3
2089,242,0.89,foud2l
2090,241,0.96,daxwf4
2091,237,0.94,bxf28n
2092,241,0.94,vfkr6f
2093,242,0.91,pz6e7f
2094,238,0.99,ob512z
2095,240,0.94,yn9zui
2096,234,0.98,mv6w9y
2097,238,0.99,d1h83s
2098,239,0.97,5qsqxj
2099,234,0.95,vc9l3r
2100,237,0.95,t7uu0k
2101,238,0.93,lubvpe
2102,237,0.96,df4lk5
2103,235,0.96,amsdk2
2104,237,0.95,wt4hcs
2105,238,0.98,ttfo0c
2106,235,0.96,qg06gb
2107,239,0.96,kvnx5f
2108,232,0.96,iym19e
2109,239,0.98,5qfjoa
2110,239,0.96,11tyfd5
2111,233,0.98,xho5cw
2112,235,0.95,bj84sp
2113,231,0.96,abky3w
2114,235,0.93,10mmwnd
2115,236,0.97,y9ddez
2116,236,0.96,wnhfhc
2117,234,0.93,ubl1sj
2118,237,0.93,rvn18c
2119,237,0.94,ms3si1
2120,234,0.94,l62xdj
2121,236,0.95,kei044
2122,232,0.96,jhjvlk
2123,235,0.9,edtagd
2124,234,0.95,c4asvf
2125,234,0.91,v2t07b
2126,236,0.95,siruz8
2127,230,0.97,gkcjwj
2128,234,0.97,e6s20u
2129,232,0.98,bcgoy7
2130,232,0.93,az4ili
2131,233,0.95,5izj5v
2132,236,1,uoummw
2133,229,1,8hzayt
2134,229,0.98,zefkmy
2135,227,0.93,phfyc5
2136,226,0.92,8u9cdf
2137,226,0.97,xev59b
2138,225,0.98,vo6zrh
2139,222,0.84,11lhlpb
2140,228,0.98,sngm5j
2141,222,0.97,luliks
2142,228,0.91,duwie8
2143,226,0.97,j352wq
2144,224,0.96,wgbyv7
2145,222,0.97,85aja0
2146,223,0.97,zu0m74
2147,221,0.97,vxa4te
2148,218,0.97,cgwvf2
2149,220,0.97,rczr64
2150,221,0.99,lhol5b
2151,219,0.97,gh4atf
2152,221,0.93,zvdpia
2153,215,0.94,tsv417
2154,218,0.94,9ulsrm
2155,216,0.94,igwoph
2156,214,0.95,j0m182
2157,216,0.86,gqchck
2158,216,0.99,p75tkk
2159,213,0.99,j60512
2160,213,0.91,vyzqvr
2161,212,0.95,kq8wgw
2162,210,0.88,gn5tuk
2163,213,0.95,9r67st
2164,212,0.91,imge6d
2165,212,0.96,ehhm4l
2166,211,0.95,4wcite
2167,207,0.93,1062d2k
2168,209,0.96,kyte51
2169,209,0.98,jpruli
2170,210,0.91,11mc7ca
2171,207,0.91,y6psew
2172,204,0.95,gzyd18
2173,205,0.98,tpz3wg
2174,207,0.92,ftupfx
2175,204,0.98,e214sl
2176,205,0.93,y99ldn
2177,204,0.97,7bdcg7
2178,206,0.97,3s4x0m
2179,204,0.98,wv8coc
2180,207,0.96,sijitx
2181,204,0.98,kb0jpr
2182,204,0.94,11kuk4j
2183,205,0.99,k3yp9t
2184,204,0.93,10z22sz
2185,203,0.88,wd3t8p
2186,206,0.97,rklgwj
2187,203,0.94,i9qlbl
2188,203,0.97,7dypk2
2189,203,0.87,11h1pqh
2190,198,0.97,10644hp
2191,203,0.95,cvrgjs
2192,204,0.97,7ozf74
2193,200,0.95,pimnaj
2194,200,0.96,k1foz4
2195,199,0.89,11ehnkc
2196,201,0.94,11b0i1j
2197,199,0.98,10877uc
2198,197,0.94,xvxcbu
2199,199,0.95,xhtcp7
2200,201,0.97,e9q6j2
2201,198,0.95,6k3wpp
2202,197,0.95,10q4e21
2203,197,0.99,10kx251
2204,194,0.95,z9wkix
2205,197,0.79,c4ptme
2206,195,0.99,x99d04
2207,198,0.98,11muvye
2208,196,0.96,u8ou8m
2209,195,0.95,cu9uyn
2210,195,0.91,7ruvhk
2211,191,0.96,10oaa5a
2212,191,0.99,pxvrqp
2213,191,0.98,ypfbwc
2214,191,0.93,bpfy92
2215,190,0.97,y1d8jh
2216,192,0.9,11fi33n
2217,191,0.95,119xj59
2218,192,0.92,10ac9ii
2219,187,0.98,qq31sk
2220,188,0.98,ng2ofr
2221,190,0.93,c1i1zr
2222,192,0.97,z5czw3
2223,190,0.92,cnu3yz
2224,188,0.95,xiaq7b
2225,191,0.97,wp934b
2226,187,0.99,xy7gqg
2227,186,0.95,j1a0eb
2228,188,0.94,7p69vu
2229,188,0.95,7keucd
2230,184,0.98,11rghqt
2231,184,0.98,1008i6v
2232,188,0.98,vl4knh
2233,187,0.92,vkemv9
2234,189,0.94,ezimik
2235,183,0.88,wi24gx
2236,188,0.94,w5wvo8
2237,183,0.82,poqplr
2238,183,0.96,jbjfn2
2239,185,0.9,7zxieg
2240,183,0.92,11xgh1i
2241,185,0.97,11jto30
2242,182,0.9,tnwb4q
2243,183,0.93,ji18at
2244,182,0.92,646xo7
2245,183,0.95,rgge4g
2246,182,0.92,r3ytrz
2247,183,0.98,ngvgxi
2248,182,0.84,htxf2x
2249,177,0.83,10owllx
2250,182,0.86,o4e2u0
2251,180,0.97,as3517
2252,181,0.97,vzu7q1
2253,178,0.96,x1sz5d
2254,177,1,dw0yad
2255,173,0.99,ahb17a
2256,176,0.96,3j4rg3
2257,177,0.99,qkarfp
2258,178,0.97,jl6c8o
2259,177,0.92,f391mc
2260,176,0.96,b2vyga
2261,171,0.97,6vfahz
2262,174,0.93,5lfs8a
2263,172,0.84,phcr7i
2264,172,0.99,lxyyan
2265,177,0.98,zc2r6m
2266,174,0.98,ssp8rr
2267,174,0.97,9f94nx
2268,173,0.92,x8z4wt
2269,168,0.96,q04ys6
2270,171,0.88,8p5nro
2271,169,0.94,reuy79
2272,172,0.99,a14mel
2273,170,0.95,10w9tz3
2274,169,0.89,xn3tgg
2275,171,0.93,z1o5kr
2276,169,0.96,tz5xqi
2277,169,1,8ihv63
2278,169,0.98,kfqhuq
2279,166,0.95,z57td9
2280,166,0.94,royvdx
2281,165,0.96,s30tgz
2282,166,0.99,bqdu27
2283,166,0.97,a8de1k
2284,165,0.96,7v41ts
2285,166,0.98,11s972a
2286,162,0.98,nf94ik
2287,162,0.89,109p8ry
2288,168,0.98,rf2tr2
2289,166,0.93,f68whg
2290,167,0.97,dfmvop
2291,166,0.92,10zmthl
2292,161,0.92,vctash
2293,166,0.94,iilsp5
2294,162,0.96,zk8imh
2295,163,0.93,vptwk8
2296,161,0.92,8pgenc
2297,163,0.99,84s65n
2298,165,0.96,84delc
2299,160,0.96,80cg7n
2300,163,0.94,10q9u24
2301,159,0.96,10b1h68
2302,162,0.97,aqnuak
2303,159,0.94,a91nkw
2304,158,0.88,11f4eyj
2305,162,0.89,wub9a9
2306,164,0.96,o34epe
2307,162,0.92,n8qzdl
2308,158,0.97,i437su
2309,156,0.98,akjsr9
2310,158,0.95,wxqz7p
2311,160,0.99,szqhbi
2312,157,0.9,gbjv5s
2313,156,0.9,10uuef7
2314,153,0.97,jrncg7
2315,159,0.99,isk9zi
2316,157,0.9,haakkl
2317,157,0.96,a9mfvw
2318,155,0.97,8imk9k
2319,156,0.98,7fhzrd
2320,153,0.96,ve6xpl
2321,157,0.99,112okay
2322,155,0.96,udrckh
2323,151,0.97,ed55ms
2324,158,0.98,dbb9so
2325,155,0.94,6dlk3q
2326,156,0.91,11k2i7u
2327,153,0.92,10tlrkl
2328,151,0.99,hzbs4i
2329,157,0.96,mgw8hl
2330,156,0.98,kwh5w0
2331,152,0.99,czjb6t
2332,154,0.99,9v8xnl
2333,153,0.96,7j9zas
2334,152,0.96,qb40kp
2335,155,0.89,pkdsqr
2336,151,0.95,minkzs
2337,152,0.99,kdcmjw
2338,155,0.98,9oh964
2339,149,0.97,c20onb
2340,148,0.96,10s43in
2341,152,0.97,gsudoz
2342,147,0.99,yjbrdy
2343,146,0.84,xdvnsx
2344,150,0.97,vom7pk
2345,148,0.89,zvkn0q
2346,146,0.93,vpa0fp
2347,152,0.97,klipsr
2348,149,0.97,drjc8c
2349,147,0.95,107creq
2350,150,0.9,onr19o
2351,147,0.92,ivla6y
2352,149,0.97,cb6qv6
2353,149,0.97,7nmb8f
2354,144,0.95,6b2mrp
2355,147,0.99,q2js30
2356,143,0.97,94ukij
2357,147,0.99,v85f6s
2358,146,0.97,lochew
2359,148,0.88,9xblp7
2360,145,0.95,5b5mmm
2361,144,0.92,migacs
2362,146,0.96,kowrn2
2363,146,0.87,fr07q6
2364,147,0.98,d1ege7
2365,145,0.97,xerez9
2366,140,0.93,iee9gf
2367,142,0.96,937jtn
2368,146,0.99,8nov7j
2369,143,0.97,8ic9rt
2370,143,0.98,88tqmj
2371,143,0.88,61s5yo
2372,142,0.86,11qdspx
2373,142,0.93,zr08re
2374,141,0.97,un54yc
2375,143,0.97,sy51l3
2376,143,0.96,lj1nt5
2377,142,0.97,df5avr
2378,143,0.97,fmf5zl
2379,144,0.97,fl8hvz
2380,143,0.91,10czv03
2381,141,0.97,u6cbz8
2382,141,0.96,l0r0lb
2383,140,0.93,k783a5
2384,140,0.86,11eegku
2385,141,0.94,jd3mf4
2386,143,0.96,d6iovq
2387,142,0.94,bqss1j
2388,141,0.97,axybgg
2389,139,0.94,72cul1
2390,137,0.99,i54se2
2391,137,0.97,t92gwc
2392,140,0.94,ljio0q
2393,138,0.98,evjii8
2394,135,0.99,bt49o0
2395,137,0.95,5p3izs
2396,139,0.9,5e04wb
2397,135,0.94,1126scn
2398,134,0.97,zalhw2
2399,133,0.94,wpw6nt
2400,138,0.97,jh9gws
2401,137,0.97,iartlw
2402,140,0.94,6n1zab
2403,133,0.97,579qe0
2404,135,0.88,zlkck5
2405,135,0.97,xyt8bm
2406,137,0.97,sisryf
2407,135,0.97,ny0g2m
2408,138,0.95,mo9pm9
2409,133,0.95,dwc6vt
2410,134,0.84,bwwuy7
2411,136,0.99,av1ols
2412,134,0.99,ywnma8
2413,134,0.97,u7vj4l
2414,136,0.91,o7n46m
2415,135,0.99,hi0hzu
2416,133,0.97,798hkz
2417,135,0.94,6407l0
2418,134,0.94,3jhx87
2419,133,0.9,11bnjio
2420,134,0.94,10vd7m5
2421,134,0.9,10k6otr
2422,137,0.95,1033ecx
2423,134,0.97,zocekb
2424,133,0.95,te5y4m
2425,133,0.96,j6cdba
2426,131,0.97,eu6brx
2427,129,0.97,dk6x81
2428,132,0.94,9ia8hh
2429,130,0.97,q8k99c
2430,133,0.98,q5yikm
2431,136,0.95,h8pty2
2432,132,0.94,fwh3cd
2433,132,0.99,btgj82
2434,135,0.97,7hzpma
2435,131,0.92,10y1swa
2436,128,0.9,ywn26i
2437,133,0.95,d9ve3z
2438,129,1,9wk5ws
2439,134,0.96,9tggjf
2440,133,0.93,6qusu2
2441,130,0.9,10xr5y6
2442,130,0.89,oxsz2b
2443,128,0.94,bl6gbm
2444,133,0.94,alaftc
2445,132,0.98,8kcfd8
2446,133,0.99,8f117f
2447,127,0.88,2rqfvq
2448,127,0.94,yp39gt
2449,129,0.93,wnmh19
2450,129,0.89,wj7z1w
2451,130,0.78,gx95jt
2452,130,1,8n42xj
2453,130,0.91,wcz0yq
2454,127,0.95,mxh93y
2455,125,0.93,lp9icr
2456,128,0.96,ksp9r3
2457,124,0.96,k4qf7a
2458,128,0.88,ee618r
2459,130,0.96,birddg
2460,125,0.98,mribp0
2461,128,0.97,j4f7bv
2462,125,0.89,7bl75q
2463,130,0.94,3sitlc
2464,123,0.96,yr07i7
2465,126,0.9,n6gx8a
2466,128,0.98,kpbbgg
2467,127,0.97,e2jo1o
2468,126,0.96,5tgudb
2469,125,0.96,yzayzm
2470,124,0.96,rzj24r
2471,127,0.96,j8i5uv
2472,127,0.92,ifi916
2473,124,0.94,8pkl9g
2474,126,0.94,7hjmke
2475,123,0.96,7dhett
2476,122,0.92,zgc2l0
2477,121,0.91,wksfl9
2478,123,1,fe3rf8
2479,125,0.86,cyeib0
2480,120,0.98,bectka
2481,126,0.99,9hzela
2482,124,0.95,wszhky
2483,122,0.92,lo3sjz
2484,125,0.92,i33n7d
2485,126,0.97,fvu8e5
2486,123,0.99,blfzqz
2487,124,0.89,8jxoj6
2488,125,0.89,8js8vu
2489,120,0.98,11ry9tj
2490,121,0.98,11mulri
2491,121,0.94,ylppix
2492,121,0.98,xrj19a
2493,126,0.98,n5jyet
2494,122,0.89,koc4zb
2495,125,0.96,jxz3c3
2496,121,0.95,egh3ku
2497,120,0.99,e693fa
2498,124,0.96,bpsi8d
2499,120,0.98,10mij9g
2500,121,0.99,figunt
2501,120,0.78,dtvx8p
2502,121,0.99,8byh8y
2503,120,0.94,7ak839
2504,121,0.91,5ibw80
2505,120,0.96,4atxby
2506,124,0.96,ggibta
2507,120,0.94,dhr90x
2508,122,0.99,ddbjnv
2509,123,0.95,5xknzo
2510,115,0.88,olvsxk
2511,121,0.98,lsouqf
2512,118,0.96,kkyghq
2513,119,0.99,bov33q
2514,119,0.74,9w7zxy
2515,117,0.95,zd2i5z
2516,118,0.98,qqxzvp
2517,115,0.91,efuueb
2518,118,0.92,eesmnk
2519,117,0.98,diosgd
2520,119,0.92,6u82w5
2521,119,0.96,6nsvcf
2522,114,0.91,10n2wol
2523,116,0.89,zld04m
2524,118,0.96,tpoc3c
2525,117,0.95,sxaeoo
2526,117,1,nnqv1w
2527,114,0.9,nax6zl
2528,118,0.94,fnw0v7
2529,120,0.97,butokm
2530,117,0.97,axies7
2531,117,0.99,8oidv2
2532,115,0.92,s5izvz
2533,113,0.97,hgttkm
2534,117,0.85,g4n3ef
2535,118,0.97,a6es81
2536,114,0.97,8trprk
2537,115,0.88,z8i3yy
2538,117,0.98,v0cuhq
2539,115,0.92,k20my1
2540,112,0.93,jgjfei
2541,114,0.97,95mwmb
2542,116,0.94,7481se
2543,113,0.91,10u46z1
2544,113,0.92,yf8k8s
2545,114,0.98,y24yan
2546,112,0.93,w2p9y7
2547,117,0.9,nvb9mf
2548,114,0.95,hvsieb
2549,118,0.94,f29bnn
2550,115,0.99,erihl5
2551,114,0.94,eb4p6o
2552,117,0.94,czx9cb
2553,112,0.99,a2t6yn
2554,111,0.94,8na5z9
2555,111,0.79,11np42n
2556,113,0.94,wai4es
2557,115,0.93,dkprx5
2558,112,0.97,7zeexq
2559,112,0.97,ze27hx
2560,112,0.96,swieeb
2561,114,0.98,ktq8t3
2562,112,0.99,9gb7wr
2563,113,0.94,8h1saq
2564,112,0.99,8axkgo
2565,112,0.9,7gc0iy
2566,113,0.93,1cblax
2567,111,0.98,ymjdxi
2568,108,0.96,xj97wy
2569,108,0.96,lqlc1t
2570,112,0.98,knt90v
2571,113,0.99,jxsbvp
2572,109,0.96,gquwd7
2573,112,0.92,essc5y
2574,107,0.98,ebqt4p
2575,111,0.86,c7hwzj
2576,114,0.94,5dj8f6
2577,113,0.97,10blgzf
2578,110,0.92,z8r20d
2579,110,0.99,uravdn
2580,108,0.99,rci027
2581,109,0.9,m6jtrt
2582,108,0.94,gvc1rj
2583,112,0.96,a6pqg1
2584,110,0.96,7ck21v
2585,108,0.84,1hhq5u
2586,106,0.97,pbxt93
2587,108,0.96,n7wslu
2588,111,0.93,i3otyo
2589,109,0.93,g5jk5a
2590,107,0.97,7v8206
2591,112,0.95,6t015o
2592,108,0.94,119b4yx
2593,108,0.86,z2hdko
2594,106,0.95,ue5e5b
2595,108,0.98,kr5xsr
2596,111,0.96,ejxrh8
2597,107,0.94,6tgo6p
2598,110,0.96,6d0n88
2599,106,0.88,xbwxot
2600,107,0.97,l8pg8m
2601,106,0.92,gnwqqy
2602,104,0.91,8hvuhj
2603,106,0.93,6frari
2604,109,0.98,wicd9g
2605,106,0.97,whg1zi
2606,107,0.98,v48cbe
2607,108,0.8,u1hmjr
2608,108,0.96,oc5esf
2609,107,0.97,o5sits
2610,110,0.98,lloo0o
2611,108,0.97,kci0uq
2612,104,0.87,iyo8ev
2613,106,0.95,golcfn
2614,102,0.99,e0sxxw
2615,105,0.9,92aokb
2616,106,0.96,49nb9c
2617,108,0.91,xgifl0
2618,102,0.94,qzd8lf
2619,106,0.96,jwyewr
2620,106,0.96,ebiydh
2621,106,0.98,dmeoni
2622,107,0.98,7buzhx
2623,107,0.97,6p360a
2624,108,0.9,11l2wny
2625,102,0.91,10ib3re
2626,103,0.93,104nxq2
2627,102,0.98,t8lqi1
2628,103,0.98,ojlfc4
2629,103,0.83,nrg162
2630,100,0.86,guq4yh
2631,104,0.95,ghzk0p
2632,101,0.95,dpb1o7
2633,105,0.97,8wskuz
2634,101,0.97,42onv8
2635,103,0.96,11jgfp7
2636,106,0.97,10f9z7h
2637,104,0.96,10894cf
2638,103,0.93,x5mj1p
2639,107,0.96,we8ou1
2640,104,0.98,mpx8pl
2641,101,0.88,lg5lca
2642,100,0.84,jr0kwj
2643,104,0.98,emtqng
2644,107,0.97,eids06
2645,105,0.92,a3m4yd
2646,102,0.98,8wb4we
2647,103,0.95,8myllg
2648,103,0.95,8ekhr3
2649,103,0.98,8e7jcz
2650,104,0.9,7uqxkk
2651,104,0.91,4nbnfd
2652,101,0.96,10e6h07
2653,101,0.98,u3eb72
2654,106,0.93,s8tn1a
2655,100,0.97,d1xmlt
2656,100,0.9,ckmf7y
2657,99,0.94,bdvvpr
2658,98,0.91,b5o1lz
2659,103,0.96,5prbvw
2660,103,0.97,3kxlb5
2661,102,0.98,zzn4xs
2662,102,0.98,v3iuv8
2663,102,0.7,qfi5r4
2664,98,0.96,ptf88t
2665,99,0.89,pqyvci
2666,100,0.97,n1yi7b
2667,103,0.98,ie2g9r
2668,105,0.99,b8zm2x
2669,99,0.96,asg13m
2670,103,0.97,a8w7gl
2671,102,0.97,8bh1ll
2672,101,0.95,88zs1l
2673,105,0.89,7pwqkx
2674,100,0.94,785ng7
2675,99,0.75,11l3muz
2676,101,0.95,zfnnku
2677,97,0.96,u5ihzv
2678,104,0.98,kwabdn
2679,98,0.98,i15p8z
2680,101,0.96,hj5l23
2681,100,0.91,ft5dos
2682,98,0.96,8urv9b
2683,98,0.95,vb160f
2684,99,0.92,md1h0x
2685,100,0.94,jhtf8i
2686,97,0.91,dy3563
2687,95,0.95,8nvv8h
2688,98,0.95,10nh0v7
2689,98,0.84,x8gwhv
2690,98,0.99,wvuw9b
2691,102,0.98,tac4q6
2692,98,0.97,pmo1k7
2693,98,0.96,k8k7u4
2694,96,0.95,hm9zoc
2695,98,0.96,fo8l4m
2696,95,0.91,ebyn5f
2697,99,0.99,bxvpuz
2698,98,1,aip9gb
2699,99,0.99,aexgjd
2700,98,0.98,a2mt1r
2701,97,0.94,8kv9c1
2702,98,0.9,5shha6
2703,96,0.95,5m6lul
2704,98,0.95,4a33xq
2705,96,0.97,11wkr5v
2706,97,0.93,10jphdp
2707,98,0.98,zfxbb3
2708,94,0.9,xm51s9
2709,96,0.94,pxgvyj
2710,94,0.93,old4p4
2711,98,0.96,nd0cy2
2712,95,0.97,g772ge
2713,100,0.91,e5nglv
2714,95,0.94,dohrka
2715,95,0.94,d4x7r9
2716,96,0.97,a7lj8u
2717,97,0.99,9obgrh
2718,99,0.97,9e362x
2719,100,0.97,8w74rr
2720,97,0.92,8cg9hu
2721,98,0.97,709d0y
2722,96,0.91,6jdk8k
2723,98,0.98,11r9wfd
2724,96,0.71,11ijczq
2725,99,0.91,116s0sj
2726,96,0.95,wo7dov
2727,94,0.76,wazthj
2728,98,0.82,ow32o3
2729,96,0.88,mzpp3i
2730,96,0.96,m435fz
2731,94,0.94,klgg5a
2732,95,0.95,hyuacc
2733,96,0.83,gdxr7o
2734,95,0.93,g53mr9
2735,94,0.94,epe861
2736,96,0.95,eokk7x
2737,99,0.97,d77755
2738,97,0.85,cdw75u
2739,99,0.93,cal86a
2740,96,0.95,9xac2b
2741,95,0.96,8xo5tb
2742,93,0.79,86k3t5
2743,98,0.95,7zhwd8
2744,96,0.95,6uhy0w
2745,94,0.84,1054boi
2746,97,0.93,x4xyas
2747,97,0.86,wlsegx
2748,96,0.97,v691l7
2749,96,0.91,mpgdri
2750,98,0.95,l21wnp
2751,95,0.94,kukbgk
2752,96,0.99,ion6go
2753,93,0.94,f79xlp
2754,95,0.92,f1kov3
2755,98,0.94,bvbgw9
2756,92,0.96,ayr92n
2757,96,0.97,8sh3jz
2758,94,0.94,6xi6xo
2759,96,0.91,6d927a
2760,96,0.98,p2kala
2761,97,0.93,nedlh4
2762,94,0.95,mqkrgo
2763,91,0.97,lcxcwc
2764,93,0.93,iq44st
2765,93,0.96,hl2y33
2766,93,0.96,h7ivi3
2767,92,0.94,fegzrb
2768,93,0.9,broeit
2769,93,0.95,bhk7i8
2770,95,0.93,bdgwcw
2771,94,0.96,8sm8ly
2772,92,0.97,8fd4dr
2773,97,0.99,87kgb8
2774,91,0.98,5d2wx5
2775,90,0.95,57h7e4
2776,96,0.91,115qa55
2777,91,0.9,10wvu0b
2778,91,0.76,vgetxm
2779,94,0.85,q5wwd2
2780,91,0.98,muqgny
2781,92,0.98,kgxvsd
2782,95,0.93,j5erph
2783,91,0.84,fcu9p6
2784,92,0.96,emaved
2785,93,0.97,ds3gf1
2786,92,0.95,bci6so
2787,91,0.96,8nzysr
2788,91,0.97,8d3zuy
2789,92,0.93,7hvmjx
2790,91,0.87,11dfd3o
2791,92,0.97,zb1q05
2792,92,0.93,w0taur
2793,89,0.87,vavo9a
2794,90,0.96,pgr7e4
2795,93,0.94,p2xm8t
2796,95,0.97,md1f06
2797,91,0.87,iltnqn
2798,94,0.87,ik14od
2799,94,0.92,gafyy8
2800,92,0.93,fwpiht
2801,93,0.9,d4pm74
2802,92,0.99,bp74bh
2803,89,0.93,agk1on
2804,95,0.89,7qhz46
2805,89,0.95,6cavbn
2806,89,0.88,5m09q3
2807,89,0.99,1109hq8
2808,93,0.81,10jigu7
2809,95,0.92,ya5vrd
2810,91,0.85,vd4p49
2811,92,0.98,k6yuha
2812,91,0.97,i629hl
2813,92,0.95,fkaz4f
2814,91,0.98,dukj07
2815,87,0.96,cq1yob
2816,91,0.97,c8uick
2817,93,0.96,bcrmvg
2818,90,0.92,9scbeo
2819,92,0.94,9ii4yj
2820,93,0.96,8bsqjw
2821,90,0.96,51t84h
2822,93,0.94,uia6tv
2823,89,0.97,oms9q5
2824,93,0.99,nmo9u4
2825,92,0.99,ks6iwv
2826,88,0.93,j7cmmo
2827,91,0.95,haxi23
2828,87,0.94,gp9tfg
2829,89,0.92,c331h7
2830,87,0.97,benech
2831,87,0.97,afxpzc
2832,91,0.92,9lhduj
2833,91,0.99,8cyocw
2834,87,0.98,6f6vsp
2835,91,0.95,y822jc
2836,88,0.94,o0fdxq
2837,92,0.9,l4o25i
2838,88,0.96,jg3wac
2839,87,0.92,j020lw
2840,86,0.79,hwkc2j
2841,91,0.9,g4an2p
2842,91,0.95,e7xdtt
2843,90,0.94,bc0lka
2844,91,0.95,ami3o3
2845,89,0.94,9oq5xg
2846,87,0.91,8rrwyc
2847,88,0.95,81fh2a
2848,87,0.82,6rkcjy
2849,93,0.97,5dmia1
2850,89,0.92,44qmvt
2851,87,0.88,11892u1
2852,88,0.96,10cfef6
2853,89,0.94,wrvgnw
2854,88,0.91,uw7119
2855,90,0.97,umeoyy
2856,85,0.94,u2o9jd
2857,88,0.92,m2if3l
2858,87,0.94,l2rxza
2859,87,0.97,kwy2sc
2860,90,0.96,evx8s3
2861,86,0.94,ee407v
2862,88,0.92,edtmzo
2863,85,0.8,e3t0wq
2864,87,0.96,arhdml
2865,91,0.96,9vfled
2866,89,0.95,8q92dj
2867,88,0.91,8fjuoq
2868,85,0.92,8augc6
2869,88,0.97,7rauu9
2870,87,0.91,7ji60w
2871,87,0.95,7cqb1w
2872,90,0.96,10slrln
2873,87,0.93,zngycf
2874,88,0.96,qmtcm1
2875,88,0.96,oty27o
2876,87,0.89,og7ua8
2877,85,0.91,kx6sai
2878,89,0.98,kj0x2c
2879,90,0.93,k3bxd6
2880,91,0.96,iwg89c
2881,88,0.96,hxx2c1
2882,84,0.98,h9bf1m
2883,87,0.98,ehqvg5
2884,86,0.96,bual4g
2885,85,0.97,9j25gp
2886,88,0.96,6cp4tk
2887,86,0.88,61z4x8
2888,87,0.96,6170lr
2889,88,0.98,xnpe0j
2890,85,0.82,vwfj9t
2891,86,0.93,srjbo1
2892,89,0.98,qiyr1j
2893,86,0.98,qissb8
2894,86,0.97,p5l2eb
2895,89,0.96,oyjemy
2896,87,0.96,ncipet
2897,89,0.95,laawy2
2898,85,0.94,jt7po2
2899,88,0.91,iutzzh
2900,86,0.95,i6xrud
2901,84,0.82,h845gz
2902,87,0.95,grk6zq
2903,84,0.98,fz42qh
2904,85,0.91,en7ot4
2905,85,0.94,ccdkhi
2906,88,0.95,basv25
2907,88,0.96,b0l55x
2908,85,0.92,9ptc8w
2909,86,0.96,8hlsd5
2910,84,0.95,8eg5l3
2911,84,0.94,678xz7
2912,88,0.95,5bv4n8
2913,84,0.86,11khe4i
2914,87,0.88,10g2q3u
2915,86,0.9,107dbx1
2916,84,0.84,106f71q
2917,87,0.93,zvhy5w
2918,85,0.89,zk71yp
2919,85,0.91,xoqe06
2920,85,0.98,wh37ca
2921,83,0.94,vstdvk
2922,83,0.93,va8zw6
2923,86,0.93,sw49j7
2924,85,0.8,qg3w7q
2925,83,0.97,oz4zew
2926,83,0.87,m7cpyn
2927,87,0.94,gyul1k
2928,84,0.94,gybemr
2929,84,0.96,ejivmu
2930,89,0.94,e3feph
2931,81,0.93,9lvjhv
2932,85,0.97,8nh59s
2933,85,0.99,8bo0kf
2934,86,0.92,8535yl
2935,87,0.96,5e46on
2936,84,0.88,zy3xbl
2937,84,0.75,ubxk4q
2938,81,0.95,qd2ggz
2939,85,0.98,oo3yfv
2940,85,0.95,jc8q41
2941,80,0.89,e8vbmt
2942,84,0.95,dt628c
2943,87,0.88,aqto73
2944,84,0.88,8um2zh
2945,86,0.95,8c79t8
2946,84,0.96,84756y
2947,84,0.91,65666y
2948,85,0.92,63ekr6
2949,88,0.93,1w8zve
2950,81,1,znz8rq
2951,82,0.99,xufiqx
2952,84,0.84,vdjmhd
2953,82,0.85,pb5129
2954,87,0.99,oes7z7
2955,84,0.84,m7n3zz
2956,83,0.84,hrl3h1
2957,85,0.74,gmkhb7
2958,82,0.85,fgpcyz
2959,85,0.91,cpei12
2960,82,0.97,aycj35
2961,82,0.91,8eui19
2962,81,1,82uqg8
2963,83,0.95,6sjmjm
2964,82,0.88,5q4qvq
2965,81,0.96,5k70xu
2966,81,0.88,5bl5ua
2967,86,0.94,5aywob
2968,81,0.94,11mbnep
2969,81,0.98,10g0n8a
2970,80,0.92,sn4sdd
2971,79,0.98,p1v1ci
2972,83,0.99,jajyxs
2973,83,0.96,j2t54i
2974,82,0.91,dndeag
2975,83,0.94,cbwst3
2976,85,0.95,c0fj6a
2977,84,0.95,bk8i6d
2978,84,0.96,bex53u
2979,78,0.94,7nuu2a
2980,86,0.95,74iyoc
2981,82,0.95,5k35un
2982,80,0.93,uq6n21
2983,84,0.9,slx33m
2984,78,0.97,k9otbj
2985,80,0.95,k2orib
2986,80,0.97,ex9w4w
2987,80,0.89,efk5n3
